"Timestamp","1. Qual o seu curso?","2. Em qual período?","3. Informe os 7 últimos dígitos do seu RA (109048xxxxxxx)","4. Informe o Estado em que nasceu: ","5. Cidade em que mora atualmente:","6. Você se considera:","7. Qual o seu gênero?","8. Qual a sua data de nascimento?","9. Qual é o seu estado civil?","10.	Você é PCD (Pessoa com deficiência)? ","10. Se sim, especifique:","11.	Possui filhos? Se sim, quantos?","12.	Com quem você mora atualmente?","13.	Quantas pessoas, incluindo você, moram no seu domicílio?","14.	A sua moradia é:","15.	Há quanto tempo você reside nesse endereço?","16.	Qual a faixa de renda mensal da sua família?","17.	Quantos de cada um dos itens abaixo há em seu domicílio? [Televisão]","17.	Quantos de cada um dos itens abaixo há em seu domicílio? [DVD ou Blu-ray]","17.	Quantos de cada um dos itens abaixo há em seu domicílio? [Rádio]","17.	Quantos de cada um dos itens abaixo há em seu domicílio? [Automóvel]","17.	Quantos de cada um dos itens abaixo há em seu domicílio? [Motocicleta]","17.	Quantos de cada um dos itens abaixo há em seu domicílio? [Máquina de lavar roupa ]","17.	Quantos de cada um dos itens abaixo há em seu domicílio? [Tanquinho]","17.	Quantos de cada um dos itens abaixo há em seu domicílio? [Geladeira]","17.	Quantos de cada um dos itens abaixo há em seu domicílio? [Celular e/ou Smartphone]","17.	Quantos de cada um dos itens abaixo há em seu domicílio? [Computador]","17.	Quantos de cada um dos itens abaixo há em seu domicílio? [Notebook]","18.	No seu domicílio você tem: [Telefone fixo]","18.	No seu domicílio você tem: [Internet]","18.	No seu domicílio você tem: [Plano de assinatura 3G]","18.	No seu domicílio você tem: [TV por assinatura]","18.	No seu domicílio você tem: [Empregada mensalista]","19. Você possui plano de saúde privado?","Você já trabalhou?","Você trabalha atualmente?","1. Qual seu vínculo empregatício?","2. Em qual área você atua?","3. Qual seu horário de trabalho?","4. Qual é o nome da empresa em que trabalha atualmente?","1. Qual o grau de escolaridade do seu pai?","2. Qual o grau de escolaridade da sua mãe?","3. Na sua vida escolar você estudou:","1. Com que frequência você utiliza computadores? (Com exceção de horários de aula)","2. Onde você utiliza computadores? [Em casa]","2. Onde você utiliza computadores? [No trabalho]","2. Onde você utiliza computadores? [Na escola]","2. Onde você utiliza computadores? [Em outros lugares]","3. Com qual finalidade você utiliza computadores? [Para trabalhos profissionais]","3. Com qual finalidade você utiliza computadores? [Para trabalhos escolares]","3. Com qual finalidade você utiliza computadores? [Para entretenimento]","3. Com qual finalidade você utiliza computadores? [Para comunicação por e-mail]","3. Com qual finalidade você utiliza computadores? [Para operações bancárias]","3. Com qual finalidade você utiliza computadores? [Para compras eletrônicas]","4.	Como você classifica seu conhecimento em informática?","5.	Qual o seu conhecimento em relação aos aplicativos a seguir? [Windows]","5.	Qual o seu conhecimento em relação aos aplicativos a seguir? [Linux]","5.	Qual o seu conhecimento em relação aos aplicativos a seguir? [Editores de textos (Word, Writer, etc)]","5.	Qual o seu conhecimento em relação aos aplicativos a seguir? [Planilhas (Excel, Calc, etc.)]","5.	Qual o seu conhecimento em relação aos aplicativos a seguir? [Apresentadores (Powerpoint, Impress, Prezzi, etc)]","5.	Qual o seu conhecimento em relação aos aplicativos a seguir? [Sistemas de Gestão Empresarial]","a) Qual seu nível de fluência em inglês?","b) Qual seu nível de fluência em Espanhol?","c) Possui fluência em algum outro idioma? Se sim, qual? ","27. Você costuma buscar informações em quais meios de comunicação? [TV]","27. Você costuma buscar informações em quais meios de comunicação? [Internet]","27. Você costuma buscar informações em quais meios de comunicação? [Revistas]","27. Você costuma buscar informações em quais meios de comunicação? [Jornais]","27. Você costuma buscar informações em quais meios de comunicação? [Rádio]","27. Você costuma buscar informações em quais meios de comunicação? [Redes sociais]","27. Você costuma buscar informações em quais meios de comunicação? [Conversas com Amigos]","28. Você lê jornal? Se sim, com que frequência?","29.	Se você lê jornal, quais os assuntos que mais lê?","30.	Não considerando os livros escolares, quantos livros você lê por ano (em média)?","31.	Se você lê livros literários, qual seu gênero preferido?","32.	Você dedica parte do seu tempo para atividades voluntárias?","a) Se sim, poderia compartilhar um pouco com a gente?","33.	Qual é a sua religião?","34.	Quais fontes de entretenimento cultural você usa?","35.	Como conheceu a FATEC Franca?","36.	Porque você escolheu este curso?","37.	Qual sua maior expectativa quanto ao curso?","38.	Qual sua expectativa após a conclusão do curso?","39.	Você já estudou na FATEC anteriormente?","40.	Você já fez algum curso técnico?","41. Você já cursou outra graduação? ","42.	Qual meio de transporte você utiliza para ir à FATEC?","43. Gostaria de compartilhar sua história e seus sonhos de vida? Escreva-nos algumas palavras."
"2020/09/09 3:07:43 PM GMT-3","Análise e Desenvolvimento de Sistemas (ADS)","Matutino","2011047","São Paulo (SP)","Franca","Pardo","Masculino","04-15","Solteiro(a)","Não","","Nenhum","Com pais e(ou) parentes","3","Própria","Mais de 10 anos","Entre 2 e 4 salários mínimos","2","1","1","2","1","1","1","1","3","1","1","Não","Sim","Sim","Sim","Não","Tenho e é um plano individual","Sim","Não","","","","","Ensino Médio","Ensino Médio","A maior parte em escola particular sem bolsa","Sempre (Mais de 6 horas por dia)","Sim","Não","Sim","Não","Não","Sim","Sim","Sim","Não","Sim","Intermediário","Intermediário","Básico","Básico","Básico","Básico","Nenhum","Leio, escrevo e falo razoavelmente","Leio, escrevo e falo razoavelmente","Não possuo","Nunca","Pouco","Nunca","Nunca","Nunca","Pouco","Pouco","Não leio","Não leio jormal","Nenhum","Não leio","Não","","Católica","Filmes/Séries na internet;Música;TV","Indicação de familiar/amigo","Este curso forma profissionais facilmente absorvidos pelo mercado","Obter competências para exercício de uma profissão","Conquistar vaga em empresa privada","Não","Sim, no SENAI","Não","Carro;Ônibus",""
"2020/09/09 3:27:31 PM GMT-3","Análise e Desenvolvimento de Sistemas (ADS)","Noturno","2013029","São Paulo (SP)","Franca","Branco(a)","Masculino","2000-05-31","Solteiro(a)","Não","","Nenhum","Com pais e(ou) parentes","4","Própria","Mais de 10 anos","Entre 4 e 10 salários mínimos","3","0","3","3","2","1","1","1","4","0","4","Não","Sim","Sim","Sim","Não","Tenho e é um plano familiar","Sim","Sim","Sou registrado no comércio","Trabalho fora da área do curso","Manhã e tarde (Horário comercial)","Magazine luiza","Ensino Médio","Pós-graduação","Sempre em escola pública","Sempre (Mais de 6 horas por dia)","Sim","Sim","Sim","Sim","Sim","Sim","Sim","Sim","Sim","Sim","Avançado","Intermediário","Intermediário","Intermediário","Intermediário","Intermediário","Básico","Leio, escrevo e falo razoavelmente","Leio mas não escrevo nem falo","Não possuo","Nunca","Sempre","Nunca","Nunca","Nunca","Às vezes","Às vezes","Não leio","Não leio jormal","De 3 até 6","Outros","Não","","Católica","Cinema;Filmes/Séries na internet;Literatura;Música;Viagens","Propaganda na escola que estudava","Minha vocação é seguir esta carreira","Obter competências para exercício de uma profissão","Melhorar cargo e salário na empresa que trabalho","Não","Sim, em uma ETEC","Sim, mas não concluí","Moto",""
"2020/09/09 3:43:40 PM GMT-3","Análise e Desenvolvimento de Sistemas (ADS)","Noturno","2013005","São Paulo (SP)","Franca","Pardo","Masculino","1995-07-02","Solteiro(a)","Não","","Nenhum","Com pais e(ou) parentes","5 ou mais","Alugada","Menos de 1 ano","Entre 2 e 4 salários mínimos","2","0","0","2","0","1","1","1","4","0","2","Não","Sim","Sim","Não","Não","Não tenho, uso o SUS","Sim","Sim","Sou autônomo e/ou freelancer","Trabalho fora da área do curso","Manhã e tarde (Horário comercial)","Pilos","Ensino Médio","Ensino fundamental I (1º ao 5º ano)","Sempre em escola pública","Muito (Até 6 horas por dia)","Sim","Não","Sim","Não","Não","Sim","Sim","Não","Não","Sim","Intermediário","Intermediário","Nenhum","Intermediário","Intermediário","Básico","Nenhum","Praticamente nulo","Praticamente nulo","Não possuo","Pouco","Muito","Nunca","Pouco","Pouco","Muito","Às vezes","Não leio","Não leio jormal","Até 2","Ficção","Não","","Católica","Cinema;Filmes/Séries na internet;Música;TV","Pelo Facebook ou outra rede social","Outros motivos","Obter novos conhecimentos","Conquistar vaga em empresa privada","Não","Não fiz","Não","Carro",""
"2020/09/09 3:45:44 PM GMT-3","Análise e Desenvolvimento de Sistemas (ADS)","Noturno","2013038","São Paulo (SP)","Franca","Branco(a)","Feminino","1999-03-03","Casado(a) ou União Estável","Não","","Nenhum","Com esposa(o) e(ou) filho(s)","4","Própria","Entre 1-5 anos","Não sei/Prefiro não responder","2","0","1","1","0","1","1","1","3","2","0","Não","Sim","Sim","Sim","Não","Tenho e é um plano familiar","Sim","Sim","Sou autônomo e/ou freelancer","Trabalho fora da área do curso","Regime de turnos","N/A","Ensino Superior","Ensino Médio","A maior parte em escola pública","Sempre (Mais de 6 horas por dia)","Sim","Não","Sim","Sim","Sim","Sim","Sim","Sim","Sim","Sim","Intermediário","Intermediário","Intermediário","Intermediário","Básico","Básico","Nenhum","Leio, escrevo e falo razoavelmente","Leio mas não escrevo nem falo","Não possuo","Nunca","Muito","Nunca","Muito","Nunca","Pouco","Às vezes","Raramente","Notícias sociais;Notícias policiais","De 3 até 6","Policial","Não","","Nenhuma","Exposições de arte;Filmes/Séries na internet;Literatura;Música;Viagens","Indicação de familiar/amigo","Minha vocação é seguir esta carreira","Obter um diploma de nível superior","Conquistar vaga em empresa privada","Não","Não fiz","Não","Carona;Carro",""
"2020/09/09 4:18:10 PM GMT-3","Análise e Desenvolvimento de Sistemas (ADS)","Matutino","2011020","Bahia (BA)","Franca","Branco(a)","Masculino","1997-05-30","Solteiro(a)","Não","","Nenhum","Com pais e(ou) parentes","5 ou mais","Própria","Mais de 10 anos","Não sei/Prefiro não responder","3","0","0","2","0","1","1","1","5+","5+","1","Sim","Sim","Não","Não","Não","Não tenho, uso o SUS","Sim","Sim","Sou autônomo e/ou freelancer","Trabalho fora da área do curso","Tarde","Kmr Fotos","Ensino Médio","Ensino fundamental II (6º ao 9º ano)","Sempre em escola pública","Sempre (Mais de 6 horas por dia)","Sim","Sim","Sim","Sim","Sim","Sim","Sim","Sim","Sim","Sim","Intermediário","Avançado","Nenhum","Básico","Intermediário","Básico","Nenhum","Leio, escrevo e falo razoavelmente","Praticamente nulo","Japonês","Pouco","Sempre","Nunca","Muito","Nunca","Pouco","Pouco","Diariamente","Todos os assuntos","Até 2","Aventura","Não","","Evangélica","Cinema;Filmes/Séries na internet;Literatura","Indicação de familiar/amigo","Minha vocação é seguir esta carreira","Obter novos conhecimentos","Abrir meu próprio negócio","Não","Não fiz","Sim, mas não concluí","Carro;Transporte escolar",""
"2020/09/09 4:44:16 PM GMT-3","Análise e Desenvolvimento de Sistemas (ADS)","Matutino","2011028","São Paulo (SP)","Franca","Branco(a)","Feminino","2001-06-22","Solteiro(a)","Não","","Nenhum","Com pais e(ou) parentes","4","Própria","Mais de 10 anos","Até 2 salários mínimos","1","1","1","1","0","1","1","1","2","1","1","Sim","Sim","Não","Não","Não","Não tenho, uso o SUS","Não","Não","","","","","Ensino fundamental II (6º ao 9º ano)","Ensino fundamental II (6º ao 9º ano)","Sempre em escola pública","Muito (Até 6 horas por dia)","Sim","Sim","Sim","Sim","Sim","Sim","Sim","Sim","Sim","Sim","Intermediário","Intermediário","Nenhum","Intermediário","Intermediário","Básico","Nenhum","Praticamente nulo","Praticamente nulo","Não possuo","Sempre","Sempre","Nunca","Nunca","Às vezes","Sempre","Nunca","Não leio","Não leio jormal","De 3 até 6","Romance","Não","","Católica","Cinema;Filmes/Séries na internet;Música;TV","Indicação de familiar/amigo","Sugestão ou vontade familiar","Obter um diploma de nível superior","Outra expectativa","Não","Não fiz","Não","Carro",""
"2020/09/09 5:28:00 PM GMT-3","Análise e Desenvolvimento de Sistemas (ADS)","Matutino","2011050","São Paulo (SP)","Franca","Branco(a)","Masculino","2002-03-09","Solteiro(a)","Não","","Nenhum","Com pais e(ou) parentes","3","Própria","Mais de 10 anos","Até 2 salários mínimos","2","0","1","1","1","1","1","1","2","0","2","Não","Sim","Sim","Não","Não","Não tenho, uso o SUS","Sim","Não","","","","","Ensino Médio","Ensino Superior","Sempre em escola pública","Sempre (Mais de 6 horas por dia)","Sim","Sim","Sim","Sim","Sim","Sim","Não","Sim","Sim","Sim","Intermediário","Intermediário","Nenhum","Intermediário","Intermediário","Intermediário","Nenhum","Leio mas não escrevo nem falo","Praticamente nulo","Não possuo","Nunca","Sempre","Pouco","Pouco","Nunca","Pouco","Sempre","Não leio","Não leio jormal","De 7 a 10","Outros","Não","","Católica","Nenhuma","Indicação de familiar/amigo","Outros motivos","Obter novos conhecimentos","Prestar concurso público","Não","Sim, no SENAI","Não","Bicicleta","Sonho em ter uma vida melhor, poder ajudar a minha familia. Com a conclusão do curso espero entrar em um empresa boa e estudar mais para passar no concurso."
"2020/09/09 5:43:49 PM GMT-3","Análise e Desenvolvimento de Sistemas (ADS)","Noturno","2013011","São Paulo (SP)","Franca","Branco(a)","Masculino","2001-04-07","Solteiro(a)","Não","","Nenhum","Com pais e(ou) parentes","4","Financiada","Mais de 10 anos","Entre 2 e 4 salários mínimos","5+","1","2","1","1","1","1","1","4","1","1","Não","Sim","Sim","Não","Não","Não tenho, uso o SUS","Sim","Sim","Sou registrado em indústria (calçados/confecções/outras)","Trabalho fora da área do curso","Manhã e tarde (Horário comercial)","Jussara","Ensino fundamental II (6º ao 9º ano)","Ensino fundamental II (6º ao 9º ano)","Sempre em escola pública","Sempre (Mais de 6 horas por dia)","Sim","Sim","Sim","Não","Sim","Sim","Sim","Não","Não","Não","Intermediário","Intermediário","Básico","Intermediário","Intermediário","Intermediário","Intermediário","Leio, escrevo e falo bem","Leio, escrevo e falo razoavelmente","Não possuo","Às vezes","Sempre","Nunca","Nunca","Nunca","Às vezes","Às vezes","Não leio","Não leio jormal","Até 2","Ficção","Não","","Católica","Cinema;Filmes/Séries na internet;Música;TV","Cartaz de divulgação","Minha vocação é seguir esta carreira","Obter competências para exercício de uma profissão","Conquistar vaga em empresa privada","Não","Não fiz","Não","Caminhando;Ônibus",""
"2020/09/09 5:43:59 PM GMT-3","Análise e Desenvolvimento de Sistemas (ADS)","Matutino","2011026","São Paulo (SP)","Franca","Branco(a)","Masculino","2002-07-11","Solteiro(a)","Não","","Nenhum","Com pais e(ou) parentes","3","Alugada","Entre 1-5 anos","Até 2 salários mínimos","1","0","0","0","0","0","1","1","2","0","0","Não","Sim","Não","Não","Não","Não tenho, uso o SUS","Sim","Sim","Sou estagiário","Trabalho na área do curso","Tarde","INDB Consultoria e sistemas","Ensino fundamental I (1º ao 5º ano)","Ensino Superior","Sempre em escola pública","Sempre (Mais de 6 horas por dia)","Sim","Sim","Sim","Sim","Sim","Sim","Sim","Sim","Sim","Sim","Avançado","Intermediário","Intermediário","Básico","Intermediário","Básico","Nenhum","Leio, escrevo e falo razoavelmente","Leio, escrevo e falo razoavelmente","Não possuo","Nunca","Sempre","Nunca","Nunca","Nunca","Pouco","Pouco","Diariamente","Todos os assuntos","Mais de 10","Ficção","Não","","Espírita","Cinema;Filmes/Séries na internet;Literatura;Museus;Viagens","Indicação de familiar/amigo","Minha vocação é seguir esta carreira","Obter competências para exercício de uma profissão","Abrir meu próprio negócio","Não","Não fiz","Não","Bicicleta",""
"2020/09/09 6:02:59 PM GMT-3","Análise e Desenvolvimento de Sistemas (ADS)","Noturno","2013010","São Paulo (SP)","Franca","Branco(a)","Masculino","07-21","Solteiro(a)","Não","","Nenhum","Com pais e(ou) parentes","5 ou mais","Própria","Mais de 10 anos","","1","0","0","1","1","1","0","1","4","0","1","Não","Sim","Sim","Não","Não","Não tenho, uso o SUS","Sim","Sim","Sou registrado em empresa prestadora de serviços","Trabalho na área do curso","Manhã e tarde (Horário comercial)","Origem","Ensino Médio","Pós-graduação","Sempre em escola pública","Sempre (Mais de 6 horas por dia)","Sim","Sim","Sim","Não","Sim","Sim","Sim","Sim","Não","Sim","Intermediário","Avançado","Nenhum","Avançado","Avançado","Avançado","Avançado","Leio e escrevo mas não falo","Praticamente nulo","Outro","Nunca","Sempre","Nunca","Nunca","Nunca","Nunca","Nunca","Não leio","Não leio jormal","De 3 até 6","Outros","Não","","Nenhuma","Cinema;Filmes/Séries na internet;Literatura;Música;Viagens","Pelo Facebook ou outra rede social","Minha vocação é seguir esta carreira","Obter um diploma de nível superior","Conquistar vaga em empresa privada","Não","Sim, em uma ETEC","Sim e concluí","Moto;Carro","Morar na Europa"
"2020/09/09 6:41:24 PM GMT-3","Análise e Desenvolvimento de Sistemas (ADS)","Noturno","2013041","Minas Gerais (MG)","Cristais Paulista","Pardo","Masculino","1997-06-09","Solteiro(a)","Não","","Nenhum","Com pais e(ou) parentes","2","Alugada","Entre 1-5 anos","Até 2 salários mínimos","1","0","0","0","0","0","1","1","5+","0","1","Não","Sim","Não","Não","Não","Não tenho, uso o SUS","Sim","Sim","Sou registrado no comércio","Trabalho fora da área do curso","Manhã e tarde (Horário comercial)","Mega Cell","Não sei e/ou Prefiro não responder","Não sei e/ou Prefiro não responder","Sempre em escola pública","Sempre (Mais de 6 horas por dia)","Sim","Sim","Não","Não","Sim","Sim","Sim","Sim","Sim","Sim","Intermediário","Intermediário","Básico","Básico","Básico","Básico","Nenhum","Leio, escrevo e falo razoavelmente","Praticamente nulo","Não possuo","Pouco","Muito","Nunca","Nunca","Nunca","Às vezes","Às vezes","Não leio","Não leio jormal","Nenhum","Não leio","Não","","Nenhuma","Filmes/Séries na internet;Música","Indicação de familiar/amigo","Minha vocação é seguir esta carreira","Obter novos conhecimentos","Conquistar vaga em empresa privada","Não","Sim, em outra instituição","Não","Caminhando",""
"2020/09/09 8:41:10 PM GMT-3","Análise e Desenvolvimento de Sistemas (ADS)","Noturno","2013006","São Paulo (SP)","Franca","Pardo","Masculino","2002-11-14","Solteiro(a)","Não","","Nenhum","Com pais e(ou) parentes","4","Própria","Mais de 10 anos","Entre 4 e 10 salários mínimos","2","1","1","1","0","1","1","1","4","1","1","Sim","Sim","Não","Sim","Não","Não tenho, uso o SUS","Sim","Sim","Sou registrado em indústria (calçados/confecções/outras)","Trabalho fora da área do curso","Manhã e tarde (Horário comercial)","Lucio M. Santos M.E","Ensino Médio","Ensino Superior","Sempre em escola pública","Sempre (Mais de 6 horas por dia)","Sim","Não","Sim","Sim","Não","Sim","Sim","Sim","Sim","Sim","Básico","Intermediário","Básico","Intermediário","Intermediário","Intermediário","Básico","Leio, escrevo e falo razoavelmente","Leio mas não escrevo nem falo","Não possuo","Pouco","Sempre","Às vezes","Sempre","Muito","Sempre","Sempre","Diariamente","Notícias locais;Notícias nacionais;Notícias internacionais;Lazer, arte e cultura;Notícias policiais;Classificados","De 7 a 10","Ficção","Não","","Católica","Cinema;Filmes/Séries na internet;Literatura;Museus;Música;TV;Viagens","Propaganda na escola que estudava","Minha vocação é seguir esta carreira","Obter um diploma de nível superior","Conquistar vaga em empresa privada","Não","Não fiz","Não","Caminhando","Tenho 17 anos, descobri minha paixão pela Tecnologia apenas no final do colegial, quando fiquei sabendo da Fatec, resolvi que era isso que eu ia querer. Eu sou ex-músico da OJF- Orquestra Jovem de Franca, amo basquete e animais. Espero me formar na Fatec no final de 2023."
"2020/09/09 9:40:02 PM GMT-3","Análise e Desenvolvimento de Sistemas (ADS)","Noturno","2013021","São Paulo (SP)","Franca","Branco(a)","Masculino","2000-08-21","Solteiro(a)","Não","Outro","Nenhum","Com pais e(ou) parentes","4","Alugada","Menos de 1 ano","Entre 2 e 4 salários mínimos","2","1","1","1","0","1","1","1","4","1","0","Não","Sim","Sim","Não","Não","Tenho e é pago integralmente pela empresa","Sim","Sim","Sou registrado em empresa prestadora de serviços","Trabalho fora da área do curso","Manhã e tarde (Horário comercial)","VALID","Não sei e/ou Prefiro não responder","Ensino fundamental I (1º ao 5º ano)","A maior parte em escola pública","Muito (Até 6 horas por dia)","Sim","Sim","Sim","Não","Não","Sim","Sim","Sim","Sim","Sim","Intermediário","Intermediário","Nenhum","Intermediário","Avançado","Intermediário","Básico","Leio mas não escrevo nem falo","Praticamente nulo","Não possuo","Pouco","Sempre","Nunca","Nunca","Nunca","Sempre","Muito","Não leio","Não leio jormal","Nenhum","Não leio","Não","","Espírita","Filmes/Séries na internet;Música","Indicação de familiar/amigo","Este curso forma profissionais facilmente absorvidos pelo mercado","Obter competências para exercício de uma profissão","Conquistar vaga em empresa privada","Não","Não fiz","Não","Bicicleta",""
"2020/09/09 10:20:08 PM GMT-3","Análise e Desenvolvimento de Sistemas (ADS)","Matutino","2011030","Minas Gerais (MG)","Franca","Branco(a)","Masculino","2001-03-27","Solteiro(a)","Não","","Nenhum","Com pais e(ou) parentes","3","Própria","Entre 6-10 anos","Entre 2 e 4 salários mínimos","3","1","1","2","0","1","1","1","3","1","1","Não","Sim","Sim","Sim","Não","Não tenho, uso o SUS","Não","Não","","","","","Ensino Médio","Ensino Médio","Sempre em escola particular com bolsa","Sempre (Mais de 6 horas por dia)","Sim","Não","Não","Não","Não","Sim","Sim","Sim","Não","Não","Intermediário","Intermediário","Nenhum","Básico","Básico","Básico","Nenhum","Leio, escrevo e falo bem","Leio mas não escrevo nem falo","Não possuo","Muito","Sempre","Pouco","Muito","Pouco","Sempre","Muito","Algumas vezes por semana","Notícias sociais;Notícias nacionais;Notícias internacionais;Esporte","De 3 até 6","Ficção","Não","","Católica","Cinema;Filmes/Séries na internet;Literatura;Música;TV","Indicação de familiar/amigo","Outros motivos","Obter competências para exercício de uma profissão","Conquistar vaga em empresa privada","Não","Não fiz","Não","Carro;Ônibus",""
"2020/09/09 11:36:17 PM GMT-3","Análise e Desenvolvimento de Sistemas (ADS)","Noturno","2013043","São Paulo (SP)","Franca","Branco(a)","Feminino","1980-06-10","Solteiro(a)","Não","","Nenhum","Com pais e(ou) parentes","4","Própria","Mais de 10 anos","Entre 4 e 10 salários mínimos","2","0","2","2","0","1","1","1","4","1","2","Sim","Sim","Sim","Sim","Não","Tenho e é pago integralmente pela empresa","Sim","Sim","Sou registrado em empresa pública (federal/estadual/municipal)","Trabalho fora da área do curso","Regime de turnos","Escola Pública Estadual ","Ensino fundamental I (1º ao 5º ano)","Ensino Médio","Sempre em escola pública","Sempre (Mais de 6 horas por dia)","Sim","Sim","Sim","Sim","Sim","Sim","Sim","Sim","Sim","Sim","Avançado","Avançado","Básico","Avançado","Intermediário","Intermediário","Avançado","Leio, escrevo e falo razoavelmente","Praticamente nulo","Não possuo","Nunca","Às vezes","Muito","Sempre","Pouco","Nunca","Às vezes","Algumas vezes por semana","Todos os assuntos","De 3 até 6","Outros","Não","","Espírita","Cinema;Exposições de arte;Filmes/Séries na internet;Literatura;Museus;Música;Teatro;TV;Viagens","Indicação de familiar/amigo","É um curso bem conceituado na região","Obter competências para exercício de uma profissão","Conquistar vaga em empresa privada","Não","Sim, em outra instituição","Sim e concluí","Caminhando;Carona","Não "
"2020/09/10 6:22:43 AM GMT-3","Análise e Desenvolvimento de Sistemas (ADS)","Noturno","2013050","São Paulo (SP)","Patrocínio Paulista","Pardo","Feminino","1995-05-03","Solteiro(a)","Não","","Nenhum","Com pais e(ou) parentes","5 ou mais","Própria","Entre 6-10 anos","Entre 4 e 10 salários mínimos","3","0","0","3","0","1","1","1","3","0","3","Não","Sim","Sim","Sim","Não","Não tenho, uso o SUS","Sim","Sim","Sou registrado em empresa prestadora de serviços","Trabalho fora da área do curso","Regime de turnos","Complexo Santa Casa de Franca","Ensino Superior","Ensino Superior","Sempre em escola pública","Às vezes (Até 3 horas por dia)","Sim","Sim","Sim","Não","Sim","Sim","Sim","Sim","Sim","Sim","Intermediário","Intermediário","Nenhum","Básico","Básico","Básico","Nenhum","Praticamente nulo","Praticamente nulo","Não possuo","Nunca","Muito","Às vezes","Às vezes","Nunca","Às vezes","Nunca","Raramente","Lazer, arte e cultura;Moda","De 7 a 10","Romance","Não","","Espírita","Cinema;Filmes/Séries na internet;Música","Pelo Facebook ou outra rede social","Este curso forma profissionais facilmente absorvidos pelo mercado","Obter competências para exercício de uma profissão","Prestar concurso público","Não","Sim, em uma ETEC","Sim e concluí","Transporte escolar",""
"2020/09/10 11:36:53 AM GMT-3","Análise e Desenvolvimento de Sistemas (ADS)","Matutino","2011052","São Paulo (SP)","Franca","Negro(a)","Masculino","1994-04-05","Solteiro(a)","Não","","Nenhum","Com pais e(ou) parentes","5 ou mais","Financiada","Mais de 10 anos","Entre 2 e 4 salários mínimos","2","0","1","1","2","1","0","1","3","0","1","Não","Sim","Sim","Não","Não","Não tenho, uso o SUS","Sim","Sim","Sou estagiário","Trabalho fora da área do curso","Tarde","jussara","Ensino Superior","Ensino Médio","Sempre em escola pública","Às vezes (Até 3 horas por dia)","Sim","Sim","Sim","Sim","Sim","Sim","Sim","Sim","Sim","Sim","Intermediário","Intermediário","Nenhum","Intermediário","Intermediário","Intermediário","Intermediário","Leio e escrevo mas não falo","Leio mas não escrevo nem falo","Não possuo","Nunca","Sempre","Nunca","Pouco","Nunca","Às vezes","Às vezes","Não leio","Não leio jormal","Nenhum","Não leio","Não","","Nenhuma","Cinema;Filmes/Séries na internet;Música","Indicação de familiar/amigo","Este curso forma profissionais facilmente absorvidos pelo mercado","Obter novos conhecimentos","Melhorar cargo e salário na empresa que trabalho","Não","Sim, no SENAI","Sim e concluí","Moto","sonho em ganhar dinheiro e ter uma vida estável "
"2020/09/10 3:35:12 PM GMT-3","Análise e Desenvolvimento de Sistemas (ADS)","Matutino","2011032","Minas Gerais (MG)","Franca","Pardo","Masculino","2002-11-12","Solteiro(a)","Não","","Nenhum","Com pais e(ou) parentes","4","Alugada","Entre 1-5 anos","Menos de 1 salário mínimo","1","1","0","0","0","1","0","1","2","0","1","Não","Sim","Não","Não","Não","Não tenho, uso o SUS","Sim","Não","","","","","Ensino Médio","Ensino Médio","A maior parte em escola pública","Muito (Até 6 horas por dia)","Sim","Não","Não","Não","Não","Sim","Sim","Sim","Não","Sim","Intermediário","Básico","Nenhum","Intermediário","Intermediário","Intermediário","Básico","Leio mas não escrevo nem falo","Leio, escrevo e falo razoavelmente","Não possuo","Pouco","Muito","Nunca","Pouco","Nunca","Às vezes","Muito","Não leio","Não leio jormal","Até 2","Ficção","Não","","Católica","Cinema;Filmes/Séries na internet;Literatura;Música;TV","Indicação de familiar/amigo","Sugestão ou vontade familiar","Obter competências para exercício de uma profissão","Abrir meu próprio negócio","Não","Não fiz","Não","Caminhando;Bicicleta;Ônibus",""
"2020/09/10 3:54:24 PM GMT-3","Análise e Desenvolvimento de Sistemas (ADS)","Matutino","2011021","São Paulo (SP)","Franca","Branco(a)","Masculino","2002-10-19","Solteiro(a)","Não","","Nenhum","Com pais e(ou) parentes","3","Alugada","Entre 6-10 anos","Entre 2 e 4 salários mínimos","1","0","0","2","0","1","0","1","3","1","0","Não","Sim","Sim","Sim","Não","Tenho e é um plano individual","Não","Não","","","","","Ensino Superior","Ensino Médio","A maior parte em escola particular sem bolsa","Muito (Até 6 horas por dia)","Sim","Sim","Sim","Não","Sim","Sim","Sim","Sim","Não","Sim","Intermediário","Intermediário","Nenhum","Intermediário","Básico","Intermediário","Nenhum","Leio, escrevo e falo bem","Praticamente nulo","Não possuo","Nunca","Muito","Nunca","Às vezes","Nunca","Nunca","Pouco","Raramente","Notícias sociais;Notícias locais;Notícias nacionais;Notícias internacionais;Classificados","Até 2","Outros","Sim","","Espírita","Cinema;Filmes/Séries na internet;Música;TV;Viagens","Propaganda na escola que estudava","Minha vocação é seguir esta carreira","Obter competências para exercício de uma profissão","Conquistar vaga em empresa privada","Não","Não fiz","Não","Carona",""
"2020/09/10 4:05:36 PM GMT-3","Análise e Desenvolvimento de Sistemas (ADS)","Matutino","2011024","São Paulo (SP)","Franca","Branco(a)","Masculino","2002-07-20","Solteiro(a)","Não","","Nenhum","Com pais e(ou) parentes","3","Própria","Mais de 10 anos","Entre 2 e 4 salários mínimos","2","0","1","1","1","1","1","1","4","1","1","Sim","Sim","Não","Não","Não","Não tenho, uso o SUS","Não","Não","","","","","Ensino fundamental I (1º ao 5º ano)","Ensino fundamental I (1º ao 5º ano)","A maior parte em escola pública","Sempre (Mais de 6 horas por dia)","Sim","Não","Sim","Não","Não","Sim","Sim","Não","Não","Não","Avançado","Intermediário","Básico","Intermediário","Intermediário","Intermediário","Nenhum","Leio, escrevo e falo bem","Praticamente nulo","Não possuo","Pouco","Sempre","Nunca","Pouco","Nunca","Às vezes","Nunca","Raramente","Esporte;Classificados","Nenhum","Não leio","Não","","Nenhuma","Cinema;Filmes/Séries na internet;Música","Propaganda na escola que estudava","Minha vocação é seguir esta carreira","Obter competências para exercício de uma profissão","Abrir meu próprio negócio","Não","Não fiz","Não","Ônibus",""
"2020/09/10 4:19:55 PM GMT-3","Análise e Desenvolvimento de Sistemas (ADS)","Noturno","1923044","São Paulo (SP)","Franca","Branco(a)","Masculino","1999-02-01","Solteiro(a)","Não","","Nenhum","Com pais e(ou) parentes","4","Própria","Mais de 10 anos","Entre 2 e 4 salários mínimos","1","0","1","3","1","1","1","2","4","1","3","Sim","Sim","Não","Não","Não","Tenho e é pago integralmente pela empresa","Sim","Sim","Sou registrado em empresa prestadora de serviços","Trabalho na área do curso","Manhã e tarde (Horário comercial)","Unimed","Ensino Médio","Ensino Médio","Sempre em escola pública","Muito (Até 6 horas por dia)","Sim","Sim","Sim","Sim","Sim","Sim","Sim","Sim","Sim","Sim","Intermediário","Básico","Nenhum","Intermediário","Intermediário","Básico","Nenhum","Leio mas não escrevo nem falo","Leio mas não escrevo nem falo","Não possuo","Pouco","Sempre","Pouco","Sempre","Pouco","Às vezes","Às vezes","Algumas vezes por semana","Notícias locais;Notícias nacionais;Esporte;Lazer, arte e cultura","Até 2","Biográfico","Não","","Nenhuma","Cinema;Filmes/Séries na internet;Música;TV;Viagens","Propaganda na escola que estudava","Este curso forma profissionais que são bem remunerados","Obter novos conhecimentos","Abrir meu próprio negócio","Não","Não fiz","Não","Carro",""
"2020/09/10 4:20:49 PM GMT-3","Análise e Desenvolvimento de Sistemas (ADS)","Matutino","2011023","São Paulo (SP)","Franca","Branco(a)","Masculino","1996-11-08","Solteiro(a)","Não","","Um","Com pais e(ou) parentes","3","Própria","Entre 1-5 anos","Até 2 salários mínimos","1","0","1","0","0","0","1","1","2","0","1","Não","Sim","Sim","Não","Não","Não tenho, uso o SUS","Sim","Sim","Sou registrado no comércio","Trabalho na área do curso","Noite","Magazine Luiza","Ensino Médio","Ensino fundamental I (1º ao 5º ano)","Sempre em escola pública","Sempre (Mais de 6 horas por dia)","Sim","Sim","Sim","Não","Sim","Sim","Sim","Sim","Não","Sim","Intermediário","Intermediário","Básico","Básico","Intermediário","Básico","Nenhum","Leio, escrevo e falo razoavelmente","Praticamente nulo","Não possuo","Nunca","Muito","Pouco","Pouco","Pouco","Às vezes","Às vezes","Não leio","Não leio jormal","Nenhum","Não leio","Não","","Outra","Cinema;Exposições de arte;Filmes/Séries na internet;Música;Teatro;Viagens","Indicação de familiar/amigo","Este curso é gratuito","Obter novos conhecimentos","Outra expectativa","Não","Sim, no SENAC","Não","Caminhando;Ônibus",""
"2020/09/10 4:41:28 PM GMT-3","Análise e Desenvolvimento de Sistemas (ADS)","Noturno","2013004","São Paulo (SP)","Franca","Branco(a)","Masculino","2000-04-12","Solteiro(a)","Não","","Nenhum","Com pais e(ou) parentes","3","Própria","Entre 6-10 anos","Entre 2 e 4 salários mínimos","2","0","0","2","0","1","0","1","3","1","1","Não","Sim","Sim","Não","Não","Tenho e é um plano familiar","Sim","Não","","","","","Ensino Médio","Ensino Médio","Sempre em escola particular sem bolsa","Muito (Até 6 horas por dia)","Sim","Não","Sim","Não","Não","Sim","Sim","Sim","Sim","Sim","Intermediário","Intermediário","Nenhum","Intermediário","Intermediário","Intermediário","Nenhum","Leio, escrevo e falo bem","Praticamente nulo","Não possuo","Muito","Muito","Nunca","Pouco","Pouco","Pouco","Pouco","Raramente","Notícias nacionais;Notícias internacionais","De 3 até 6","Aventura","Não","","Nenhuma","Cinema;Filmes/Séries na internet;Literatura;Música;TV","Indicação de familiar/amigo","É um curso bem conceituado na região","Obter competências para exercício de uma profissão","Conquistar vaga em empresa privada","Não","Não fiz","Não","Carro",""
"2020/09/10 4:45:46 PM GMT-3","Análise e Desenvolvimento de Sistemas (ADS)","Noturno","2013013","São Paulo (SP)","Franca","Negro(a)","Masculino","1995-11-22","Solteiro(a)","Não","","Nenhum","Com pais e(ou) parentes","3","Própria","Entre 1-5 anos","Entre 4 e 10 salários mínimos","2","0","2","1","0","1","1","1","3","1","1","Sim","Sim","Sim","Sim","Não","Tenho e é pago parcialmente pela empresa","Sim","Sim","Sou registrado no comércio","Trabalho fora da área do curso","Manhã e tarde (Horário comercial)","Magazine Luiza","Ensino Médio","Ensino Médio","Sempre em escola pública","Sempre (Mais de 6 horas por dia)","Sim","Sim","Sim","Sim","Sim","Sim","Sim","Sim","Sim","Sim","Intermediário","Intermediário","Básico","Intermediário","Intermediário","Intermediário","Intermediário","Leio e escrevo mas não falo","Leio e escrevo mas não falo","Não possuo","Pouco","Sempre","Nunca","Pouco","Pouco","Às vezes","Às vezes","Raramente","Notícias nacionais;Notícias internacionais;Esporte;Classificados","Mais de 10","Ficção","Não","","Católica","Cinema;Filmes/Séries na internet;Literatura;Música;TV;Viagens","Indicação de familiar/amigo","Minha vocação é seguir esta carreira","Obter novos conhecimentos","Melhorar cargo e salário na empresa que trabalho","Não","Sim, no SENAI","Sim, mas não concluí","Carro",""
"2020/09/10 6:19:43 PM GMT-3","Análise e Desenvolvimento de Sistemas (ADS)","Noturno","2013034","São Paulo (SP)","Franca","Branco(a)","Masculino","2001-09-05","Solteiro(a)","Não","","Nenhum","Com pais e(ou) parentes","3","Alugada","Entre 1-5 anos","Até 2 salários mínimos","1","1","1","0","0","1","0","1","2","0","0","Não","Sim","Não","Não","Não","Não tenho, uso o SUS","Sim","Sim","Sou registrado no comércio","Trabalho fora da área do curso","Manhã e tarde (Horário comercial)","Magazine ","Ensino Médio","Ensino Médio","Sempre em escola pública","Nunca","Não","Sim","Não","Não","Sim","Não","Não","Não","Não","Não","Básico","Básico","Nenhum","Nenhum","Básico","Nenhum","Nenhum","Leio mas não escrevo nem falo","Leio mas não escrevo nem falo","Não possuo","Nunca","Sempre","Nunca","Nunca","Nunca","Muito","Muito","Raramente","Notícias internacionais;Esporte","Até 2","Romance","Não","","Nenhuma","Cinema;Filmes/Séries na internet","Indicação de familiar/amigo","Este curso é gratuito","Obter novos conhecimentos","Prestar concurso público","Não","Não fiz","Não","Bicicleta",""
"2020/09/10 6:55:18 PM GMT-3","Análise e Desenvolvimento de Sistemas (ADS)","Matutino","2011010","Distrito Federal (DF)","Franca","Branco(a)","Masculino","1983-09-13","Solteiro(a)","Sim","Auditiva","Nenhum","Sozinho(a)","1","Própria","Mais de 10 anos","Não sei/Prefiro não responder","1","0","0","0","1","0","1","1","1","0","1","Não","Sim","Não","Não","Não","Não tenho, uso o SUS","Sim","Não","","","","","Ensino Superior","Ensino Superior","A maior parte em escola pública","Sempre (Mais de 6 horas por dia)","Sim","Não","Não","Não","Não","Sim","Sim","Sim","Não","Não","Básico","Básico","Nenhum","Básico","Básico","Básico","Nenhum","Leio, escrevo e falo razoavelmente","Praticamente nulo","Não possuo","Nunca","Sempre","Nunca","Nunca","Nunca","Sempre","Pouco","Não leio","Não leio jormal","Nenhum","Não leio","Não","nao ","Nenhuma","Nenhuma","Indicação de familiar/amigo","Outros motivos","Não tenho expectativa alguma","Nenhuma expectativa","Não","Sim, no SENAI","Sim e concluí","Moto","impossivel"
"2020/09/10 9:03:28 PM GMT-3","Análise e Desenvolvimento de Sistemas (ADS)","Matutino","2011016","São Paulo (SP)","Franca","Negro(a)","Feminino","2002-06-21","Solteiro(a)","Não","","Nenhum","Com pais e(ou) parentes","4","Própria","Mais de 10 anos","Até 2 salários mínimos","1","1","1","0","1","1","0","1","3","1","1","Sim","Sim","Não","Não","Não","Não tenho, uso o SUS","Sim","Não","","","","","Ensino fundamental II (6º ao 9º ano)","Ensino fundamental I (1º ao 5º ano)","Sempre em escola pública","Às vezes (Até 3 horas por dia)","Sim","Não","Não","Não","Não","Sim","Sim","Não","Não","Não","Intermediário","Intermediário","Nenhum","Intermediário","Intermediário","Intermediário","Intermediário","Leio, escrevo e falo razoavelmente","Leio, escrevo e falo bem","Não possuo","Às vezes","Sempre","Nunca","Nunca","Às vezes","Muito","Muito","Não leio","Não leio jormal","De 7 a 10","Aventura","Não","","Católica","Filmes/Séries na internet;Literatura;Música;TV","Indicação de familiar/amigo","Este curso forma profissionais facilmente absorvidos pelo mercado","Obter novos conhecimentos","Prestar concurso público","Não","Não fiz","Não","Ônibus",""
"2020/09/10 9:22:17 PM GMT-3","Análise e Desenvolvimento de Sistemas (ADS)","Matutino","2011036","Pernambuco (PE)","Franca","Pardo","Feminino","1989-01-25","Solteiro(a)","Não","","Nenhum","Com amigos (compartilhando despesas) ou de favor","3","Alugada","Menos de 1 ano","Até 2 salários mínimos","0","0","1","0","0","0","1","1","3","1","0","Não","Sim","Não","Não","Não","Não tenho, uso o SUS","Sim","Não","","","","","Ensino fundamental I (1º ao 5º ano)","Ensino Médio","Sempre em escola pública","Muito (Até 6 horas por dia)","Sim","Não","Não","Não","Sim","Sim","Sim","Sim","Não","Sim","Intermediário","Intermediário","Básico","Intermediário","Intermediário","Intermediário","Básico","Leio mas não escrevo nem falo","Leio mas não escrevo nem falo","Não possuo","Pouco","Sempre","Pouco","Às vezes","Pouco","Sempre","Às vezes","Algumas vezes por semana","Notícias sociais;Notícias locais;Notícias nacionais;Notícias internacionais;Lazer, arte e cultura","De 3 até 6","Aventura","Não","","Outra","Cinema;Exposições de arte;Filmes/Séries na internet;Literatura;Museus;Música;Teatro;Viagens","Indicação de familiar/amigo","Outros motivos","Obter competências para exercício de uma profissão","Outra expectativa","Não","Não fiz","Sim, mas não concluí","Ônibus","Impossível"
"2020/09/10 10:13:00 PM GMT-3","Análise e Desenvolvimento de Sistemas (ADS)","Noturno","2013046","São Paulo (SP)","Franca","Branco(a)","Feminino","1991-01-10","Solteiro(a)","Não","","Nenhum","Sozinho(a)","1","Própria","Entre 6-10 anos","Entre 2 e 4 salários mínimos","1","0","0","1","0","1","0","1","2","0","3","Sim","Sim","Sim","Sim","Não","Tenho e é pago parcialmente pela empresa","Sim","Sim","Sou registrado em indústria (calçados/confecções/outras)","Trabalho fora da área do curso","Manhã e tarde (Horário comercial)","Elcio Calhas e Estruturas","Ensino fundamental I (1º ao 5º ano)","Ensino fundamental II (6º ao 9º ano)","Sempre em escola pública","Sempre (Mais de 6 horas por dia)","Sim","Sim","Sim","Não","Sim","Sim","Sim","Sim","Sim","Sim","Avançado","Avançado","Básico","Avançado","Avançado","Avançado","Básico","Leio, escrevo e falo razoavelmente","Leio, escrevo e falo razoavelmente","Não possuo","Pouco","Muito","Pouco","Pouco","Pouco","Pouco","Às vezes","Não leio","Não leio jormal","De 3 até 6","Aventura","Não","","Outra","Filmes/Séries na internet;Música","Indicação de familiar/amigo","Minha vocação é seguir esta carreira","Obter novos conhecimentos","Conquistar vaga em empresa privada","Não","Não fiz","Sim e concluí","Carro","Eu não gostaria de compartilhar! Obrigada"
"2020/09/10 10:23:08 PM GMT-3","Análise e Desenvolvimento de Sistemas (ADS)","Noturno","2013026","São Paulo (SP)","Franca","Branco(a)","Masculino","1993-06-18","Solteiro(a)","Não","","Nenhum","Com pais e(ou) parentes","1","Alugada","Menos de 1 ano","Entre 4 e 10 salários mínimos","2","0","0","2","0","1","0","1","2","0","1","Não","Sim","Sim","Sim","Não","Tenho e é pago integralmente pela empresa","Sim","Sim","Sou registrado em indústria (calçados/confecções/outras)","Trabalho fora da área do curso","Manhã e tarde (Horário comercial)","Usina de Laticínios Jussara S/A","Ensino Superior","Ensino Superior","A maior parte em escola particular sem bolsa","Muito (Até 6 horas por dia)","Sim","Sim","Sim","Não","Sim","Sim","Sim","Sim","Sim","Sim","Avançado","Avançado","Básico","Intermediário","Avançado","Intermediário","Intermediário","Leio, escrevo e falo bem","Leio mas não escrevo nem falo","Não possuo","Às vezes","Sempre","Pouco","Nunca","Nunca","Às vezes","Muito","Diariamente","Notícias internacionais;Esporte","De 3 até 6","Ficção","Não","","Espírita","Cinema;Filmes/Séries na internet;Literatura;Música;TV;Viagens","Cartaz de divulgação","Minha vocação é seguir esta carreira","Obter competências para exercício de uma profissão","Abrir meu próprio negócio","Não","Não fiz","Sim e concluí","Carro","Quero ter uma família grande e um sítio."
"2020/09/10 11:40:10 PM GMT-3","Análise e Desenvolvimento de Sistemas (ADS)","Matutino","2011040","São Paulo (SP)","Franca","Branco(a)","Outros","2002-02-09","Solteiro(a)","Não","","Nenhum","Com pais e(ou) parentes","3","Outro","Mais de 10 anos","Não sei/Prefiro não responder","1","1","1","0","0","1","0","1","3","0","2","Sim","Sim","Sim","Não","Não","Não tenho, uso o SUS","Não","Não","","","","","Não sei e/ou Prefiro não responder","Ensino Médio","Sempre em escola pública","Muito (Até 6 horas por dia)","Sim","Não","Sim","Sim","Não","Sim","Sim","Sim","Não","Sim","Básico","Intermediário","Nenhum","Básico","Básico","Nenhum","Nenhum","Leio, escrevo e falo bem","Leio mas não escrevo nem falo","Não possuo","Pouco","Às vezes","Nunca","Nunca","Nunca","Nunca","Nunca","Não leio","Não leio jormal","De 3 até 6","Ficção","Não","","Católica","Cinema;Filmes/Séries na internet;Música;TV","Indicação de familiar/amigo","Outros motivos","Obter um diploma de nível superior","Outra expectativa","Não","Não fiz","Não","Carona","Não."
"2020/09/11 12:30:06 AM GMT-3","Análise e Desenvolvimento de Sistemas (ADS)","Noturno","2013045","São Paulo (SP)","Franca","Branco(a)","Masculino","1978-07-07","Solteiro(a)","Não","","Nenhum","Sozinho(a)","1","Outro","Entre 1-5 anos","Menos de 1 salário mínimo","0","0","0","0","0","1","0","1","1","0","1","Não","Sim","Sim","Não","Não","Não tenho, uso o SUS","Sim","Sim","Sou autônomo e/ou freelancer","Trabalho fora da área do curso","Manhã e tarde (Horário comercial)","JP","Ensino Superior","Ensino Superior","A maior parte em escola pública","Muito (Até 6 horas por dia)","Sim","Não","Não","Não","Sim","Sim","Sim","Sim","Sim","Sim","Intermediário","Intermediário","Nenhum","Intermediário","Intermediário","Básico","Básico","Leio, escrevo e falo bem","Praticamente nulo","Não possuo","Nunca","Muito","Nunca","Nunca","Nunca","Muito","Pouco","Não leio","Não leio jormal","Até 2","Não leio","Não","","Nenhuma","Exposições de arte;Museus;Viagens","Por algum dos jormais","Minha vocação é seguir esta carreira","Obter competências para exercício de uma profissão","Abrir meu próprio negócio","Não","Sim, em outra instituição","Sim e concluí","Bicicleta",""
"2020/09/11 8:03:31 AM GMT-3","Análise e Desenvolvimento de Sistemas (ADS)","Matutino","2011004","São Paulo (SP)","Franca","Branco(a)","Masculino","2002-01-10","Solteiro(a)","Não","","Nenhum","Com pais e(ou) parentes","5 ou mais","Própria","Mais de 10 anos","Entre 2 e 4 salários mínimos","5+","1","1","2","0","2","1","2","3","2","0","Sim","Sim","Não","Sim","Não","Tenho e é um plano familiar","Não","Não","","","","","Ensino fundamental I (1º ao 5º ano)","Ensino Médio","Sempre em escola pública","Sempre (Mais de 6 horas por dia)","Sim","Não","Sim","Não","Não","Sim","Sim","Não","Não","Sim","Intermediário","Intermediário","Nenhum","Básico","Básico","Básico","Nenhum","Leio e escrevo mas não falo","Praticamente nulo","Não possuo","Às vezes","Sempre","Pouco","Pouco","Pouco","Às vezes","Às vezes","Não leio","Não leio jormal","De 7 a 10","Ficção","Não","","Nenhuma","Cinema;Exposições de arte;Filmes/Séries na internet;Museus;Música;Teatro;TV;Viagens","Indicação de familiar/amigo","Este curso forma profissionais facilmente absorvidos pelo mercado","Obter competências para exercício de uma profissão","Conquistar vaga em empresa privada","Não","Não fiz","Não","Carro;Ônibus","Passo a maior parte do tempo aprendendo programação e jogando alguns jogos eletrônicos "
"2020/09/11 8:07:53 AM GMT-3","Análise e Desenvolvimento de Sistemas (ADS)","Matutino","2011044","São Paulo (SP)","Franca","Branco(a)","Masculino","1996-03-01","Solteiro(a)","Não","","Nenhum","Com pais e(ou) parentes","2","Própria","Entre 6-10 anos","Até 2 salários mínimos","1","1","0","1","1","1","0","1","2","0","1","Não","Sim","Não","Não","Não","Não tenho, uso o SUS","Não","Não","","","","","Ensino fundamental II (6º ao 9º ano)","Pós-graduação","A maior parte em escola pública","Sempre (Mais de 6 horas por dia)","Sim","Sim","Sim","Sim","Sim","Sim","Sim","Sim","Sim","Sim","Intermediário","Intermediário","Nenhum","Básico","Básico","Nenhum","Básico","Leio e escrevo mas não falo","Praticamente nulo","Não possuo","Pouco","Sempre","Pouco","Pouco","Pouco","Sempre","Sempre","Algumas vezes por semana","Notícias locais","De 3 até 6","Ficção","Não","","Espírita","Filmes/Séries na internet;Literatura;TV","Indicação de familiar/amigo","É um curso bem conceituado na região","Obter competências para exercício de uma profissão","Conquistar vaga em empresa privada","Não","Não fiz","Não","Moto",""
"2020/09/11 8:20:07 AM GMT-3","Análise e Desenvolvimento de Sistemas (ADS)","Matutino","2011025","São Paulo (SP)","Franca","Branco(a)","Masculino","2002-12-05","Solteiro(a)","Não","","Nenhum","Com pais e(ou) parentes","4","Própria","Mais de 10 anos","Até 2 salários mínimos","1","1","1","2","0","1","1","1","3","1","1","Sim","Sim","Não","Sim","Não","Não tenho, uso o SUS","Não","Não","","","","","Ensino Médio","Ensino fundamental II (6º ao 9º ano)","Sempre em escola pública","Às vezes (Até 3 horas por dia)","Sim","Não","Não","Não","Não","Sim","Sim","Sim","Não","Sim","Intermediário","Intermediário","Nenhum","Intermediário","Intermediário","Intermediário","Básico","Leio, escrevo e falo bem","Leio, escrevo e falo bem","Não possuo","Às vezes","Muito","Pouco","Pouco","Nunca","Às vezes","Pouco","Raramente","Notícias nacionais;Notícias internacionais;Esporte","Até 2","Policial","Não","","Outra","Cinema;Filmes/Séries na internet;Música;TV","Indicação de familiar/amigo","Este curso forma profissionais facilmente absorvidos pelo mercado","Obter competências para exercício de uma profissão","Conquistar vaga em empresa privada","Não","Sim, em uma ETEC","Não","Carro",""
"2020/09/11 8:52:18 AM GMT-3","Análise e Desenvolvimento de Sistemas (ADS)","Matutino","2011051","São Paulo (SP)","Franca","Branco(a)","Masculino","1998-05-04","Solteiro(a)","Não","","Nenhum","Com pais e(ou) parentes","4","Outro","Mais de 10 anos","Entre 2 e 4 salários mínimos","2","1","1","1","2","1","0","2","2","1","0","Sim","Sim","Não","Não","Não","Não tenho, uso o SUS","Sim","Não","","","","","Não sei e/ou Prefiro não responder","Ensino fundamental II (6º ao 9º ano)","Sempre em escola pública","Às vezes (Até 3 horas por dia)","Sim","Não","Sim","Não","Não","Sim","Sim","Sim","Não","Sim","Intermediário","Avançado","Básico","Intermediário","Intermediário","Básico","Nenhum","Leio e escrevo mas não falo","Leio mas não escrevo nem falo","Não possuo","Pouco","Muito","Nunca","Nunca","Pouco","Às vezes","Às vezes","Não leio","Não leio jormal","Até 2","Ficção","Não","","Católica","Cinema;Filmes/Séries na internet;Música;TV","Indicação de familiar/amigo","Minha vocação é seguir esta carreira","Obter competências para exercício de uma profissão","Melhorar cargo e salário na empresa que trabalho","Não","Não fiz","Sim, mas não concluí","Moto",""
"2020/09/11 9:06:55 AM GMT-3","Análise e Desenvolvimento de Sistemas (ADS)","Noturno","1923005","São Paulo (SP)","OUTRA","Indígena","Masculino","1990-04-23","Solteiro(a)","Não","","Nenhum","Com pais e(ou) parentes","2","Alugada","Menos de 1 ano","Até 2 salários mínimos","1","0","0","0","0","1","0","1","2","1","0","Não","Sim","Não","Não","Não","Não tenho, uso o SUS","Sim","Sim","Sou autônomo e/ou freelancer","Trabalho fora da área do curso","Regime de turnos","Mmdss","Ensino fundamental I (1º ao 5º ano)","Ensino fundamental I (1º ao 5º ano)","Sempre em escola pública","Sempre (Mais de 6 horas por dia)","Sim","Não","Não","Não","Sim","Sim","Sim","Sim","Não","Sim","Intermediário","Básico","Básico","Básico","Básico","Básico","Básico","Praticamente nulo","Praticamente nulo","Não possuo","Nunca","Às vezes","Pouco","Nunca","Nunca","Nunca","Pouco","Não leio","Não leio jormal","Até 2","Ficção","Não","","Evangélica","Filmes/Séries na internet;Música","Cartaz de divulgação","Minha vocação é seguir esta carreira","Obter novos conhecimentos","Abrir meu próprio negócio","Não","Não fiz","Não","Caminhando","Aa"
"2020/09/11 9:24:14 AM GMT-3","Análise e Desenvolvimento de Sistemas (ADS)","Matutino","2011041","São Paulo (SP)","Franca","Branco(a)","Masculino","2002-08-31","Solteiro(a)","Não","","Nenhum","Com pais e(ou) parentes","5 ou mais","Própria","Mais de 10 anos","Entre 4 e 10 salários mínimos","3","0","0","3","0","1","1","1","5+","3","3","Sim","Sim","Sim","Não","Não","Tenho e é um plano individual","Não","Não","","","","","Ensino Médio","Ensino Médio","Sempre em escola pública","Sempre (Mais de 6 horas por dia)","Sim","Sim","Sim","Sim","Sim","Sim","Sim","Sim","Não","Sim","Avançado","Intermediário","Básico","Básico","Básico","Básico","Intermediário","Leio, escrevo e falo bem","Praticamente nulo","Não possuo","Pouco","Sempre","Nunca","Pouco","Nunca","Pouco","Às vezes","Não leio","Não leio jormal","Nenhum","Não leio","Não","","Nenhuma","Cinema;Filmes/Séries na internet;Museus;Música;TV;Viagens","Indicação de familiar/amigo","Minha vocação é seguir esta carreira","Obter novos conhecimentos","Conquistar vaga em empresa privada","Não","Sim, em uma ETEC","Não","Ônibus",""
"2020/09/11 9:38:24 AM GMT-3","Análise e Desenvolvimento de Sistemas (ADS)","Noturno","2013025","São Paulo (SP)","Franca","Branco(a)","Masculino","2002-04-08","Solteiro(a)","Não","","Nenhum","Com pais e(ou) parentes","3","Própria","Mais de 10 anos","Entre 4 e 10 salários mínimos","2","1","1","1","1","1","1","1","3","0","1","Sim","Sim","Sim","Não","Não","Não tenho, uso o SUS","Sim","Sim","Sou registrado no comércio","Trabalho fora da área do curso","Tarde e noite","Magazine Luiza","Ensino fundamental I (1º ao 5º ano)","Ensino Médio","Sempre em escola pública","Sempre (Mais de 6 horas por dia)","Sim","Sim","Sim","Não","Sim","Sim","Sim","Sim","Não","Sim","Intermediário","Avançado","Nenhum","Intermediário","Intermediário","Intermediário","Nenhum","Leio, escrevo e falo razoavelmente","Leio mas não escrevo nem falo","Não possuo","Às vezes","Sempre","Nunca","Nunca","Pouco","Às vezes","Muito","Não leio","Não leio jormal","De 7 a 10","Ficção","Não","","Nenhuma","Cinema;Filmes/Séries na internet;Literatura;Museus;Música;Teatro;TV;Viagens","Propaganda na escola que estudava","Minha vocação é seguir esta carreira","Obter competências para exercício de uma profissão","Conquistar vaga em empresa privada","Não","Sim, em uma ETEC","Não","Moto;Ônibus","Quero me formar, conquistar uma vaga no Luiza Labs e quem sabe futuramente prestar concurso da Policia Federal como Perito Criminal na área de TI."
"2020/09/11 3:51:04 PM GMT-3","Análise e Desenvolvimento de Sistemas (ADS)","Noturno","2013036","São Paulo (SP)","Franca","Pardo","Masculino","2002-03-16","Solteiro(a)","Não","","Nenhum","Com pais e(ou) parentes","5 ou mais","Própria","Entre 6-10 anos","Entre 2 e 4 salários mínimos","1","1","0","1","0","2","0","1","5+","2","1","Sim","Sim","Não","Não","Não","Tenho e é pago integralmente pela empresa","Sim","Sim","Sou registrado em empresa prestadora de serviços","Trabalho fora da área do curso","Manhã e tarde (Horário comercial)","Raes Alimentos","Ensino Médio","Ensino Superior","Sempre em escola pública","Sempre (Mais de 6 horas por dia)","Sim","Sim","Sim","Não","Sim","Sim","Sim","Sim","Não","Sim","Intermediário","Avançado","Básico","Intermediário","Intermediário","Intermediário","Nenhum","Leio, escrevo e falo razoavelmente","Leio, escrevo e falo razoavelmente","Não possuo","Às vezes","Sempre","Nunca","Pouco","Nunca","Pouco","Às vezes","Raramente","Notícias sociais;Notícias locais;Notícias nacionais;Notícias internacionais;Notícias policiais","De 3 até 6","Ficção","Não","","Evangélica","Cinema;Filmes/Séries na internet;Literatura;Música;TV;Viagens","Indicação de familiar/amigo","Minha vocação é seguir esta carreira","Obter competências para exercício de uma profissão","Prestar concurso público","Não","Não fiz","Não","Caminhando;Carro","Sou o mais velho de 6 irmãos, e meus pais são separados, meu sonho é formar uma carreira estável e boa, estudar e ser um exemplo para os meus irmãos mais novos."
"2020/09/11 6:37:11 PM GMT-3","Análise e Desenvolvimento de Sistemas (ADS)","Noturno","2013018","São Paulo (SP)","Franca","Branco(a)","Masculino","1981-06-24","Solteiro(a)","Não","","Nenhum","Com pais e(ou) parentes","4","Própria","Mais de 10 anos","Entre 4 e 10 salários mínimos","3","0","1","2","1","1","0","1","4","0","3","Não","Sim","Sim","Sim","Não","Tenho e é pago parcialmente pela empresa","Sim","Sim","Sou registrado em empresa pública (federal/estadual/municipal)","Trabalho fora da área do curso","Manhã","Prefeitura Municipal de Cristais Paulista","Ensino fundamental I (1º ao 5º ano)","Ensino Médio","Sempre em escola pública","Muito (Até 6 horas por dia)","Sim","Sim","Sim","Sim","Sim","Sim","Sim","Sim","Sim","Sim","Intermediário","Intermediário","Nenhum","Intermediário","Intermediário","Avançado","Nenhum","Leio mas não escrevo nem falo","Leio mas não escrevo nem falo","Não possuo","Pouco","Muito","Às vezes","Muito","Muito","Às vezes","Muito","Algumas vezes por semana","Notícias locais;Notícias nacionais;Notícias internacionais;Esporte","Mais de 10","Outros","Não","","Nenhuma","Cinema;Literatura;Música;Teatro;TV;Viagens","Indicação de familiar/amigo","Este curso forma profissionais facilmente absorvidos pelo mercado","Obter novos conhecimentos","Abrir meu próprio negócio","Não","Não fiz","Sim e concluí","Carro","Não."
"2020/09/11 8:07:23 PM GMT-3","Análise e Desenvolvimento de Sistemas (ADS)","Noturno","2013030","São Paulo (SP)","Franca","Branco(a)","Masculino","1997-06-04","Solteiro(a)","Não","","Nenhum","Com pais e(ou) parentes","5 ou mais","Própria","Mais de 10 anos","Entre 2 e 4 salários mínimos","2","0","1","2","2","1","1","1","5+","0","1","Sim","Sim","Sim","Não","Não","Não tenho, uso o SUS","Sim","Sim","Sou registrado no comércio","Trabalho fora da área do curso","Manhã e tarde (Horário comercial)","Magazine Luiza S/A","Ensino Médio","Ensino Médio","Sempre em escola pública","Sempre (Mais de 6 horas por dia)","Não","Sim","Sim","Não","Sim","Sim","Não","Não","Não","Não","Intermediário","Intermediário","Básico","Intermediário","Intermediário","Intermediário","Básico","Leio mas não escrevo nem falo","Leio, escrevo e falo razoavelmente","Não possuo","Pouco","Muito","Nunca","Às vezes","Pouco","Muito","Às vezes","Não leio","Não leio jormal","Até 2","Ficção","Não","","Católica","Cinema;Filmes/Séries na internet;Música","Pelo Facebook ou outra rede social","É um curso bem conceituado na região","Obter competências para exercício de uma profissão","Prestar concurso público","Não","Não fiz","Sim, mas não concluí","Moto",""
"2020/09/11 9:05:56 PM GMT-3","Análise e Desenvolvimento de Sistemas (ADS)","Noturno","2013027","São Paulo (SP)","Patrocínio Paulista","Branco(a)","Masculino","1991-09-18","Solteiro(a)","Não","","Nenhum","Com pais e(ou) parentes","3","Própria","Entre 6-10 anos","Entre 4 e 10 salários mínimos","4","1","1","1","0","1","1","1","2","1","1","Não","Sim","Sim","Sim","Não","Não tenho, uso o SUS","Sim","Sim","Sou autônomo e/ou freelancer","Trabalho fora da área do curso","Manhã e tarde (Horário comercial)","Nenhuma","Ensino Superior","Ensino Médio","Sempre em escola pública","Sempre (Mais de 6 horas por dia)","Sim","Sim","Sim","Não","Sim","Sim","Sim","Sim","Sim","Sim","Intermediário","Intermediário","Nenhum","Intermediário","Intermediário","Nenhum","Nenhum","Leio, escrevo e falo razoavelmente","Leio mas não escrevo nem falo","Não possuo","Às vezes","Sempre","Nunca","Pouco","Nunca","Muito","Pouco","Raramente","Notícias sociais;Notícias locais;Notícias nacionais;Notícias internacionais;Esporte;Notícias policiais","Nenhum","Não leio","Não","","Nenhuma","Cinema;Filmes/Séries na internet;Música;TV;Viagens","Indicação de familiar/amigo","Este curso forma profissionais facilmente absorvidos pelo mercado","Obter competências para exercício de uma profissão","Conquistar vaga em empresa privada","Não","Sim, em uma ETEC","Sim e concluí","Transporte escolar",""
"2020/09/12 7:53:29 AM GMT-3","Análise e Desenvolvimento de Sistemas (ADS)","Noturno","2013001","São Paulo (SP)","Franca","Branco(a)","Masculino","2002-07-29","Solteiro(a)","Sim","","Nenhum","Com pais e(ou) parentes","1","Financiada","Entre 6-10 anos","Menos de 1 salário mínimo","1","1","1","1","1","1","1","1","2","1","1","Não","Sim","Não","Não","Não","Não tenho, uso o SUS","Sim","Sim","Sou autônomo e/ou freelancer","Trabalho fora da área do curso","Manhã e tarde (Horário comercial)","Máster celulares","Não sei e/ou Prefiro não responder","Ensino Superior","Sempre em escola pública","Às vezes (Até 3 horas por dia)","Sim","Sim","Não","Não","Sim","Sim","Sim","Não","Não","Não","Intermediário","Básico","Nenhum","Básico","Básico","Básico","Nenhum","Leio, escrevo e falo bem","Leio e escrevo mas não falo","Outro","Pouco","Às vezes","Pouco","Às vezes","Às vezes","Às vezes","Às vezes","Raramente","Notícias sociais;Esporte;Lazer, arte e cultura;Notícias policiais","De 3 até 6","Ficção","Não","","Evangélica","Cinema;Filmes/Séries na internet;Literatura;Música;TV","Indicação de familiar/amigo","Sugestão ou vontade familiar","Obter competências para exercício de uma profissão","Conquistar vaga em empresa privada","Não","Sim, no SENAI","Não","Caminhando;Bicicleta",""
"2020/09/12 8:06:10 AM GMT-3","Análise e Desenvolvimento de Sistemas (ADS)","Noturno","2013042","São Paulo (SP)","Franca","Branco(a)","Masculino","2002-02-03","Solteiro(a)","Não","","Nenhum","Com pais e(ou) parentes","5 ou mais","Própria","Mais de 10 anos","Entre 10 e 20 salários mínimos","2","0","0","2","2","1","1","1","5+","1","2","Sim","Sim","Não","Sim","Não","Tenho e é um plano familiar","Não","Não","","","","","Ensino Médio","Ensino Superior","A maior parte em escola particular com bolsa","Sempre (Mais de 6 horas por dia)","Sim","Não","Sim","Não","Sim","Sim","Sim","Sim","Não","Sim","Intermediário","Intermediário","Intermediário","Avançado","Avançado","Intermediário","Básico","Leio e escrevo mas não falo","Leio, escrevo e falo razoavelmente","Não possuo","Às vezes","Sempre","Às vezes","Às vezes","Nunca","Muito","Sempre","Algumas vezes por semana","Notícias sociais;Notícias locais;Notícias nacionais;Notícias internacionais;Lazer, arte e cultura","Até 2","Ficção","Não","","Católica","Cinema;Filmes/Séries na internet;TV","Indicação de familiar/amigo","Minha vocação é seguir esta carreira","Obter novos conhecimentos","Outra expectativa","Não","Sim, no SENAC","Não","Moto;Carro","Quero aprender"
"2020/09/12 8:10:46 AM GMT-3","Análise e Desenvolvimento de Sistemas (ADS)","Noturno","2013023","São Paulo (SP)","Franca","Branco(a)","Feminino","1981-03-02","Separado(a), desquitado(a), divorciado(a)","Não","","Nenhum","Com pais e(ou) parentes","4","Própria","Mais de 10 anos","Entre 4 e 10 salários mínimos","1","1","2","2","1","1","0","1","2","0","2","Sim","Sim","Sim","Não","Não","Tenho e é pago parcialmente pela empresa","Sim","Sim","Sou registrado no comércio","Trabalho fora da área do curso","Manhã e tarde (Horário comercial)","Magazine Luiza S/A","Ensino fundamental I (1º ao 5º ano)","Ensino fundamental I (1º ao 5º ano)","Sempre em escola pública","Sempre (Mais de 6 horas por dia)","Sim","Sim","Sim","Não","Sim","Sim","Sim","Sim","Não","Sim","Básico","Básico","Nenhum","Intermediário","Intermediário","Intermediário","Básico","Praticamente nulo","Praticamente nulo","Não possuo","Nunca","Sempre","Às vezes","Às vezes","Nunca","Às vezes","Às vezes","Raramente","Notícias nacionais","De 3 até 6","Outros","Não","","Espírita","Cinema;Filmes/Séries na internet;Literatura;Música;TV;Viagens","Pelo Facebook ou outra rede social","Este curso forma profissionais facilmente absorvidos pelo mercado","Obter novos conhecimentos","Melhorar cargo e salário na empresa que trabalho","Não","Sim, no SENAC","Sim e concluí","Moto","Quero aprender outro idioma, fazer uma viagem para exterior para conhecer outra cultura. Trabalhar pra ter uma vida equilibrada no trabalho, saúde, espiritualidade, família."
"2020/09/12 8:28:41 AM GMT-3","Análise e Desenvolvimento de Sistemas (ADS)","Noturno","2013048","Goiás (GO)","Franca","Branco(a)","Masculino","2002-01-01","Solteiro(a)","Não","","Nenhum","Com pais e(ou) parentes","4","Alugada","Entre 1-5 anos","Entre 2 e 4 salários mínimos","2","1","1","1","1","1","1","1","1","1","1","Sim","Sim","Sim","Não","Não","Não tenho, uso o SUS","Sim","Sim","Sou estagiário","Trabalho fora da área do curso","Manhã e tarde (Horário comercial)","Lewe negócios","Ensino Médio","Ensino Médio","Sempre em escola pública","Às vezes (Até 3 horas por dia)","Sim","Sim","Sim","Não","Sim","Sim","Sim","Sim","Sim","Sim","Intermediário","Intermediário","Nenhum","Intermediário","Intermediário","Intermediário","Intermediário","Leio, escrevo e falo razoavelmente","Leio mas não escrevo nem falo","Não possuo","Às vezes","Sempre","Nunca","Às vezes","Pouco","Muito","Às vezes","Algumas vezes por semana","Todos os assuntos","De 3 até 6","Ficção","Sim","Hoje não muito por falta de tempo, mas costumava visitar lar de idosos fazendo jogos e atividades com eles.","Nenhuma","Cinema;Exposições de arte;Filmes/Séries na internet;Literatura;Museus;Música;Viagens","Indicação de familiar/amigo","É um curso bem conceituado na região","Obter competências para exercício de uma profissão","Conquistar vaga em empresa privada","Não","Não fiz","Não","Caminhando",""
"2020/09/12 8:44:35 AM GMT-3","Análise e Desenvolvimento de Sistemas (ADS)","Noturno","2013047","São Paulo (SP)","Pedregulho","Pardo","Masculino","1986-09-05","Solteiro(a)","Não","","Nenhum","Com pais e(ou) parentes","3","Própria","Mais de 10 anos","Entre 2 e 4 salários mínimos","3","1","1","2","0","1","1","1","3","1","1","Não","Sim","Sim","Não","Não","Não tenho, uso o SUS","Sim","Sim","Sou registrado em empresa prestadora de serviços","Trabalho fora da área do curso","Manhã e tarde (Horário comercial)","Despachante Augusto","Ensino Superior","Ensino fundamental II (6º ao 9º ano)","Sempre em escola pública","Sempre (Mais de 6 horas por dia)","Sim","Sim","Sim","Sim","Sim","Sim","Sim","Sim","Sim","Sim","Intermediário","Intermediário","Nenhum","Intermediário","Básico","Básico","Básico","Leio, escrevo e falo razoavelmente","Praticamente nulo","Não possuo","Pouco","Sempre","Às vezes","Às vezes","Às vezes","Às vezes","Muito","Raramente","Todos os assuntos","De 3 até 6","Aventura","Não","","Nenhuma","Cinema;Filmes/Séries na internet;Música","Indicação de familiar/amigo","Este curso forma profissionais facilmente absorvidos pelo mercado","Obter competências para exercício de uma profissão","Abrir meu próprio negócio","Não","Não fiz","Sim e concluí","Ônibus",""
"2020/09/12 8:54:00 AM GMT-3","Análise e Desenvolvimento de Sistemas (ADS)","Noturno","2013016","São Paulo (SP)","Franca","Pardo","Masculino","1990-01-29","Casado(a) ou União Estável","Não","","Dois","Com esposa(o) e(ou) filho(s)","4","Outro","Entre 1-5 anos","Entre 2 e 4 salários mínimos","1","0","1","1","1","1","0","1","2","0","2","Não","Sim","Não","Não","Não","Tenho e é pago integralmente pela empresa","Sim","Sim","Sou registrado em indústria (calçados/confecções/outras)","Trabalho fora da área do curso","Noite","Gelco Gelatinas do Brasil","Pós-graduação","Ensino Médio","A maior parte em escola pública","Muito (Até 6 horas por dia)","Sim","Sim","Sim","Sim","Sim","Sim","Sim","Sim","Sim","Sim","Intermediário","Intermediário","Básico","Intermediário","Avançado","Intermediário","Básico","Leio mas não escrevo nem falo","Praticamente nulo","Não possuo","Nunca","Sempre","Pouco","Muito","Pouco","Muito","Muito","Diariamente","Todos os assuntos;Notícias nacionais;Notícias internacionais;Lazer, arte e cultura;Notícias policiais","De 3 até 6","Aventura","Sim","Maestro e músico em comunidade religiosa","Evangélica","Cinema;Filmes/Séries na internet;Literatura;Museus;Música;Viagens","Indicação de familiar/amigo","Este curso forma profissionais facilmente absorvidos pelo mercado","Obter competências para exercício de uma profissão","Conquistar vaga em empresa privada","Não","Sim, em uma ETEC","Sim e concluí","Moto;Carro",""
"2020/09/12 8:59:19 AM GMT-3","Análise e Desenvolvimento de Sistemas (ADS)","Noturno","2013031","São Paulo (SP)","Ituverava","Branco(a)","Masculino","1980-05-28","Separado(a), desquitado(a), divorciado(a)","Não","","Nenhum","Com pais e(ou) parentes","3","Própria","Entre 1-5 anos","Entre 4 e 10 salários mínimos","2","0","1","2","2","1","1","1","1","1","1","Sim","Sim","Sim","Não","Não","Tenho e é um plano individual","Sim","Sim","Sou empresário (proprietário)","Trabalho fora da área do curso","Manhã e tarde (Horário comercial)","Despachante G","Ensino Superior","Ensino Superior","A maior parte em escola particular sem bolsa","Sempre (Mais de 6 horas por dia)","Sim","Sim","Não","Não","Sim","Sim","Sim","Sim","Sim","Sim","Básico","Intermediário","Básico","Intermediário","Intermediário","Intermediário","Básico","Leio, escrevo e falo razoavelmente","Leio mas não escrevo nem falo","Não possuo","Pouco","Pouco","Nunca","Às vezes","Pouco","Às vezes","Pouco","Algumas vezes por semana","Notícias nacionais;Esporte","Até 2","Biográfico","Não","","Católica","Cinema;Filmes/Séries na internet;TV;Viagens","Pelo Facebook ou outra rede social","Este curso forma profissionais facilmente absorvidos pelo mercado","Obter competências para exercício de uma profissão","Abrir meu próprio negócio","Não","Não fiz","Sim e concluí","Moto;Ônibus","Um sonhador, morou em várias regiões, e agora se encontra no interior a procura de melhor qualidade de vida e melhores condições de trabalho"
"2020/09/12 9:02:31 AM GMT-3","Análise e Desenvolvimento de Sistemas (ADS)","Noturno","1911054","São Paulo (SP)","Franca","Negro(a)","Masculino","2000-04-29","Solteiro(a)","Não","","Nenhum","Com pais e(ou) parentes","4","Alugada","Entre 6-10 anos","Entre 4 e 10 salários mínimos","2","1","1","1","1","1","1","1","3","0","3","Sim","Sim","Sim","Não","Não","Tenho e é pago integralmente pela empresa","Sim","Sim","Sou registrado no comércio","Trabalho fora da área do curso","Manhã","Magalu","Ensino Médio","Ensino Superior","Sempre em escola pública","Sempre (Mais de 6 horas por dia)","Sim","Sim","Sim","Não","Sim","Sim","Não","Não","Não","Sim","Intermediário","Intermediário","Nenhum","Básico","Básico","Básico","Básico","Leio mas não escrevo nem falo","Leio mas não escrevo nem falo","Não possuo","Pouco","Sempre","Nunca","Muito","Nunca","Sempre","Pouco","Raramente","Esporte","Até 2","Ficção","Não","","Espírita","Exposições de arte;Filmes/Séries na internet;Música;Teatro","Indicação de familiar/amigo","Sugestão ou vontade familiar","Obter competências para exercício de uma profissão","Melhorar cargo e salário na empresa que trabalho","Não","Sim, em outra instituição","Não","Moto",""
"2020/09/12 9:03:22 AM GMT-3","Análise e Desenvolvimento de Sistemas (ADS)","Noturno","2013003","São Paulo (SP)","Franca","Branco(a)","Masculino","2001-07-23","Solteiro(a)","Não","","Nenhum","Com pais e(ou) parentes","3","Própria","Mais de 10 anos","Entre 2 e 4 salários mínimos","2","0","1","2","0","1","1","1","5+","1","1","Sim","Sim","Não","Sim","Não","Não tenho, uso o SUS","Não","Não","","","","","Ensino Médio","Ensino Médio","Sempre em escola particular com bolsa","Sempre (Mais de 6 horas por dia)","Sim","Não","Sim","Sim","Sim","Sim","Sim","Sim","Sim","Sim","Avançado","Avançado","Básico","Avançado","Avançado","Avançado","Intermediário","Leio e escrevo mas não falo","Praticamente nulo","Não possuo","Às vezes","Sempre","Nunca","Pouco","Às vezes","Sempre","Sempre","Raramente","Notícias nacionais;Notícias internacionais;Notícias policiais","Até 2","Outros","Não","","Nenhuma","Cinema;Filmes/Séries na internet;Literatura;Música;Viagens","Indicação de familiar/amigo","É um curso bem conceituado na região","Obter competências para exercício de uma profissão","Conquistar vaga em empresa privada","Não","Não fiz","Sim e concluí","Caminhando;Bicicleta;Carro",""
"2020/09/12 9:03:32 AM GMT-3","Análise e Desenvolvimento de Sistemas (ADS)","Noturno","2013002","São Paulo (SP)","Franca","Branco(a)","Masculino","1995-06-14","Solteiro(a)","Não","","Nenhum","Com pais e(ou) parentes","3","Própria","Mais de 10 anos","Até 2 salários mínimos","2","2","2","1","1","1","0","1","2","1","1","Sim","Sim","Sim","Não","Não","Não tenho, uso o SUS","Sim","Sim","Sou registrado no comércio","Trabalho fora da área do curso","Manhã e tarde (Horário comercial)","Montreal Magazine","Ensino Superior","Ensino fundamental I (1º ao 5º ano)","Sempre em escola pública","Muito (Até 6 horas por dia)","Sim","Sim","Sim","Sim","Sim","Sim","Sim","Sim","Sim","Sim","Intermediário","Intermediário","Nenhum","Intermediário","Intermediário","Intermediário","Intermediário","Leio mas não escrevo nem falo","Leio mas não escrevo nem falo","Não possuo","Pouco","Sempre","Nunca","Pouco","Pouco","Às vezes","Às vezes","Algumas vezes por semana","Todos os assuntos","Até 2","Ficção","Não","","Nenhuma","Cinema;Exposições de arte;Filmes/Séries na internet;Literatura;Museus;Música;Teatro;Viagens","Pelo Facebook ou outra rede social","Outros motivos","Obter competências para exercício de uma profissão","Conquistar vaga em empresa privada","Não","Não fiz","Sim e concluí","Moto",""
"2020/09/12 9:04:56 AM GMT-3","Análise e Desenvolvimento de Sistemas (ADS)","Noturno","2013022","São Paulo (SP)","Franca","Negro(a)","Masculino","1994-06-17","Solteiro(a)","Não","","Um","Com pais e(ou) parentes","5 ou mais","Alugada","Entre 6-10 anos","Entre 2 e 4 salários mínimos","1","0","0","2","0","1","1","1","3","0","1","Sim","Sim","Sim","Não","Não","Tenho e é pago integralmente pela empresa","Sim","Sim","Sou registrado em indústria (calçados/confecções/outras)","Trabalho na área do curso","Manhã e tarde (Horário comercial)","Flormel Indústria de Alimentos S. A.","Não sei e/ou Prefiro não responder","Ensino fundamental I (1º ao 5º ano)","Sempre em escola pública","Sempre (Mais de 6 horas por dia)","Sim","Sim","Sim","Não","Sim","Sim","Não","Sim","Não","Não","Intermediário","Intermediário","Nenhum","Intermediário","Intermediário","Intermediário","Intermediário","Praticamente nulo","Leio mas não escrevo nem falo","Não possuo","Pouco","Sempre","Pouco","Às vezes","Pouco","Sempre","Sempre","Não leio","Não leio jormal","Até 2","Outros","Não","","Evangélica","Cinema;Filmes/Séries na internet;Música;TV;Viagens","Indicação de familiar/amigo","Este curso forma profissionais facilmente absorvidos pelo mercado","Obter competências para exercício de uma profissão","Melhorar cargo e salário na empresa que trabalho","Não","Sim, em uma ETEC","Não","Carro","Ser o melhor pai do mundo!"
"2020/09/12 9:06:09 AM GMT-3","Análise e Desenvolvimento de Sistemas (ADS)","Noturno","2013044","São Paulo (SP)","Franca","Branco(a)","Masculino","1980-12-03","Solteiro(a)","Não","","Um","Com pais e(ou) parentes","5 ou mais","Alugada","Entre 1-5 anos","","4","0","1","4","0","1","1","1","5+","2","1","Não","Sim","Sim","Não","Não","Tenho e é pago parcialmente pela empresa","Sim","Sim","Sou autônomo e/ou freelancer","Trabalho fora da área do curso","Manhã e tarde (Horário comercial)","Jornal Comércio da Franca","Ensino fundamental II (6º ao 9º ano)","Ensino Médio","Sempre em escola pública","Sempre (Mais de 6 horas por dia)","Sim","Sim","Sim","Não","Sim","Sim","Sim","Sim","Sim","Sim","Intermediário","Intermediário","Nenhum","Intermediário","Intermediário","Básico","Básico","Leio, escrevo e falo bem","Praticamente nulo","Não possuo","Muito","Às vezes","Sempre","Sempre","Muito","Nunca","Pouco","Diariamente","Notícias sociais;Notícias locais;Notícias nacionais;Lazer, arte e cultura","De 3 até 6","Biográfico","Não","","Nenhuma","Filmes/Séries na internet;Música","Indicação de familiar/amigo","Este curso forma profissionais facilmente absorvidos pelo mercado","Obter novos conhecimentos","Abrir meu próprio negócio","Não","Não fiz","Não","Carro",""
"2020/09/12 9:12:52 AM GMT-3","Análise e Desenvolvimento de Sistemas (ADS)","Noturno","2013035","São Paulo (SP)","Franca","Negro(a)","Masculino","1998-02-17","Solteiro(a)","Não","","Nenhum","Com pais e(ou) parentes","4","Própria","Mais de 10 anos","Entre 4 e 10 salários mínimos","2","0","2","2","0","1","1","1","4","0","1","Sim","Sim","Sim","Sim","Não","Tenho e é pago parcialmente pela empresa","Sim","Sim","Sou registrado em indústria (calçados/confecções/outras)","Trabalho fora da área do curso","Manhã e tarde (Horário comercial)","Jussara","Ensino Médio","Ensino Médio","A maior parte em escola pública","Sempre (Mais de 6 horas por dia)","Sim","Sim","Sim","Sim","Sim","Sim","Sim","Sim","Sim","Sim","Intermediário","Intermediário","Nenhum","Intermediário","Intermediário","Intermediário","Básico","Leio, escrevo e falo razoavelmente","Leio mas não escrevo nem falo","Não possuo","Pouco","Sempre","Às vezes","Às vezes","Pouco","Muito","Às vezes","Raramente","Notícias nacionais;Lazer, arte e cultura","Até 2","Ficção","Sim","Sou conlheiro do COMDECON (Conselho de desenvolvimento e participação da comunidade negra de franca), um conselho que pensas políticas publicas para a comunidade negra.","Nenhuma","Filmes/Séries na internet;Música","Indicação de familiar/amigo","Este curso forma profissionais facilmente absorvidos pelo mercado","Obter competências para exercício de uma profissão","Conquistar vaga em empresa privada","Não","Sim, em uma ETEC","Sim, mas não concluí","Carro","Como trabalho na manutenção, acredito que o curso de ADS, além de me auxiliar em resolver problemas no trabalho vai me proporcionar melhores oportunidades de emprego."
"2020/09/12 9:22:32 AM GMT-3","Análise e Desenvolvimento de Sistemas (ADS)","Matutino","5252678","São Paulo (SP)","Franca","Branco(a)","Masculino","2001-10-04","Solteiro(a)","Não","","Nenhum","Com pais e(ou) parentes","2","Própria","Mais de 10 anos","Até 2 salários mínimos","1","1","1","1","0","1","1","1","2","1","1","Sim","Sim","Não","Não","Não","Não tenho, uso o SUS","Sim","Sim","Sou estagiário","Trabalho fora da área do curso","Tarde","Rizatti","Ensino Médio","Ensino Médio","A maior parte em escola particular com bolsa","Sempre (Mais de 6 horas por dia)","Sim","Sim","Sim","Sim","Sim","Sim","Sim","Sim","Sim","Sim","Intermediário","Avançado","Básico","Intermediário","Avançado","Avançado","Nenhum","Leio mas não escrevo nem falo","Praticamente nulo","Não possuo;Alemão;Francês;Japonês;Outro","Nunca","Sempre","Nunca","Nunca","Nunca","Nunca","Nunca","Não leio","Não leio jormal;Notícias locais","Até 2","Autoajuda","Não","","Católica","Cinema;Filmes/Séries na internet;Literatura;Viagens","Indicação de familiar/amigo","Minha vocação é seguir esta carreira","Obter novos conhecimentos","Conquistar vaga em empresa privada","Não","Sim, em uma ETEC","Não","Caminhando;Bicicleta","Meu sonho é ter um objetivo de vida."
"2020/09/12 9:38:34 AM GMT-3","Análise e Desenvolvimento de Sistemas (ADS)","Noturno","2013049","São Paulo (SP)","Franca","Branco(a)","Feminino","1988-10-24","Casado(a) ou União Estável","Não","","Nenhum","Com esposa(o) e(ou) filho(s)","2","Financiada","Entre 1-5 anos","Entre 4 e 10 salários mínimos","2","0","0","1","1","1","0","1","2","0","2","Não","Sim","Sim","Sim","Não","Não tenho, uso o SUS","Sim","Sim","Sou registrado em indústria (calçados/confecções/outras)","Trabalho fora da área do curso","Manhã e tarde (Horário comercial)","Zebu Botinas","Ensino Superior","Ensino Médio","A maior parte em escola particular sem bolsa","Muito (Até 6 horas por dia)","Sim","Sim","Sim","Sim","Sim","Sim","Sim","Sim","Não","Sim","Intermediário","Intermediário","Nenhum","Avançado","Avançado","Avançado","Avançado","Leio, escrevo e falo razoavelmente","Leio mas não escrevo nem falo","Não possuo","Pouco","Sempre","Muito","Sempre","Muito","Às vezes","Muito","Diariamente","Notícias sociais;Notícias locais;Notícias nacionais;Notícias internacionais;Lazer, arte e cultura","De 3 até 6","Biográfico","Sim","Coordeno o trabalho de mocidades e juventudes espíritas (ligadas a USE - União das Sociedades Espíritas do Estado de SP) do norte do Estado de SP, realizando eventos, cursos, ações sociais etc. Além disso, auxilio na Casa Espírita que faço parte arrecadando alimentos, montando e distribuindo cestas básicas a famílias que se encontrem necessitadas na região do Jd. Portinari (onde funciona a casa espírita que participo). ","Espírita","Cinema;Exposições de arte;Filmes/Séries na internet;Literatura;Museus;Música;Teatro;TV;Viagens","Por algum dos jormais","Outros motivos","Obter novos conhecimentos","Conquistar vaga em empresa privada","Sim","Sim, no SENAI","Sim e concluí","Moto;Carro",""
"2020/09/12 9:42:40 AM GMT-3","Análise e Desenvolvimento de Sistemas (ADS)","Matutino","2011006","São Paulo (SP)","Franca","Branco(a)","Masculino","2002-01-20","Solteiro(a)","Não","","Nenhum","Com pais e(ou) parentes","3","Alugada","Menos de 1 ano","Até 2 salários mínimos","2","0","1","2","0","1","0","1","2","0","2","Sim","Sim","Não","Sim","Não","Tenho e é um plano familiar","Sim","Sim","Sou autônomo e/ou freelancer","Trabalho fora da área do curso","Regime de turnos","Dona Geléia","Ensino Médio","Ensino Superior","A maior parte em escola pública","Pouco (Até 1 hora por dia)","Sim","Não","Não","Não","Sim","Sim","Não","Sim","Não","Não","Intermediário","Intermediário","Nenhum","Avançado","Intermediário","Intermediário","Nenhum","Leio, escrevo e falo bem","Leio, escrevo e falo bem","Não possuo","Às vezes","Muito","Nunca","Pouco","Nunca","Muito","Às vezes","Algumas vezes por semana","Notícias locais;Notícias nacionais;Notícias internacionais","Até 2","Não leio","Sim","Atividades em Creches.","Espírita","Cinema;Filmes/Séries na internet;Literatura;Música","Propaganda na escola que estudava","Este curso forma profissionais que são bem remunerados","Obter competências para exercício de uma profissão","Conquistar vaga em empresa privada","Não","Sim, em uma ETEC","Não","Caminhando;Bicicleta",""
"2020/09/12 9:51:46 AM GMT-3","Análise e Desenvolvimento de Sistemas (ADS)","Matutino","1821045","Maranhão (MA)","Ipuã","Pardo","Feminino","1997-04-13","Casado(a) ou União Estável","Não","","Um","Com esposa(o) e(ou) filho(s)","3","Alugada","Entre 1-5 anos","Entre 2 e 4 salários mínimos","1","0","0","0","0","1","1","1","2","0","1","Não","Sim","Não","Sim","Não","Tenho e é pago parcialmente pela empresa","Não","Não","","","","","Ensino fundamental I (1º ao 5º ano)","Ensino fundamental I (1º ao 5º ano)","Sempre em escola pública","Pouco (Até 1 hora por dia)","Sim","Não","Sim","Sim","Não","Sim","Sim","Não","Sim","Sim","Básico","Intermediário","Básico","Intermediário","Intermediário","Intermediário","Básico","Praticamente nulo","Leio e escrevo mas não falo","Não possuo","Pouco","Sempre","Pouco","Às vezes","Nunca","Pouco","Às vezes","Raramente","Notícias sociais;Notícias locais;Notícias nacionais;Notícias internacionais;Lazer, arte e cultura;Notícias policiais;Classificados","Mais de 10","Romance","Não","","Nenhuma","Filmes/Séries na internet;Literatura;Música;TV","Indicação de familiar/amigo","Sugestão ou vontade familiar","Obter competências para exercício de uma profissão","Conquistar vaga em empresa privada","Não","Sim, no SENAC","Sim, mas não concluí","Ônibus",""
"2020/09/12 10:40:22 AM GMT-3","Análise e Desenvolvimento de Sistemas (ADS)","Matutino","1921039","São Paulo (SP)","Franca","Branco(a)","Masculino","1997-12-12","Solteiro(a)","Não","","Nenhum","Com pais e(ou) parentes","5 ou mais","Própria","Mais de 10 anos","Entre 4 e 10 salários mínimos","2","1","2","2","2","1","1","1","5+","1","4","Sim","Sim","Sim","Sim","Não","Tenho e é pago integralmente pela empresa","Sim","Sim","Sou registrado em empresa prestadora de serviços","Trabalho fora da área do curso","Regime de turnos","BrasilSeg ( Banco do Brasil Seguros )","Não sei e/ou Prefiro não responder","Ensino Superior","Sempre em escola pública","Sempre (Mais de 6 horas por dia)","Sim","Sim","Sim","Não","Sim","Sim","Não","Sim","Sim","Sim","Intermediário","Avançado","Nenhum","Intermediário","Intermediário","Intermediário","Nenhum","Leio, escrevo e falo razoavelmente","Leio, escrevo e falo bem","Não possuo","Pouco","Muito","Pouco","Nunca","Pouco","Às vezes","Às vezes","Raramente","Todos os assuntos","De 3 até 6","Ficção","Não","","Nenhuma","Cinema;Filmes/Séries na internet;Literatura;Museus;Música;TV;Viagens","Indicação de familiar/amigo","É um curso bem conceituado na região","Obter competências para exercício de uma profissão","Prestar concurso público","Não","Não fiz","Sim, mas não concluí","Ônibus",""
"2020/09/12 10:57:38 AM GMT-3","Análise e Desenvolvimento de Sistemas (ADS)","Matutino","2011003","São Paulo (SP)","Franca","Branco(a)","Masculino","2002-06-03","Solteiro(a)","Não","","Nenhum","Com pais e(ou) parentes","4","Financiada","Entre 6-10 anos","Entre 4 e 10 salários mínimos","0","0","0","4","0","1","1","1","4","0","4","Sim","Sim","Sim","Não","Não","Tenho e é um plano familiar","Sim","Sim","Sou estagiário","Trabalho na área do curso","Tarde","Estagio informal","Ensino Médio","Pós-graduação","Sempre em escola particular sem bolsa","Sempre (Mais de 6 horas por dia)","Sim","Sim","Sim","Não","Sim","Sim","Sim","Sim","Sim","Sim","Intermediário","Intermediário","Intermediário","Intermediário","Intermediário","Intermediário","Básico","Leio mas não escrevo nem falo","Praticamente nulo","Não possuo","Nunca","Sempre","Nunca","Nunca","Nunca","Nunca","Às vezes","Não leio","Não leio jormal","De 3 até 6","Outros","Sim","Construção e limpeza de templos da CCB","Protestante","Filmes/Séries na internet","Indicação de familiar/amigo","Sugestão ou vontade familiar","Obter competências para exercício de uma profissão","Conquistar vaga em empresa privada","Não","Sim, em uma ETEC","Não","Carro",""
"2020/09/12 11:41:32 AM GMT-3","Análise e Desenvolvimento de Sistemas (ADS)","Noturno","1823010","São Paulo (SP)","Franca","Pardo","Masculino","1980-05-25","Solteiro(a)","Não","","Nenhum","Com pais e(ou) parentes","3","Financiada","Entre 6-10 anos","Entre 2 e 4 salários mínimos","2","0","1","1","2","1","1","1","3","1","1","Sim","Sim","Sim","Não","Não","Não tenho, uso o SUS","Sim","Sim","Sou registrado em empresa prestadora de serviços","Trabalho na área do curso","Manhã e tarde (Horário comercial)","Softpool ","Ensino fundamental I (1º ao 5º ano)","Ensino fundamental I (1º ao 5º ano)","Sempre em escola pública","Sempre (Mais de 6 horas por dia)","Sim","Sim","Sim","Sim","Sim","Sim","Não","Sim","Sim","Sim","Avançado","Avançado","Básico","Intermediário","Intermediário","Intermediário","Avançado","Leio, escrevo e falo bem","Leio mas não escrevo nem falo","Não possuo","Pouco","Muito","Às vezes","Às vezes","Pouco","Pouco","Muito","Algumas vezes por semana","Notícias sociais;Notícias nacionais;Lazer, arte e cultura","De 3 até 6","Ficção","Sim","Já participei mais ativamente de projetos sociais. Ultimamente tenho me dedicado pouco devido ao tempo que está curto. Mas pretendo me organizar para voltar a participar mais ativamente. ","Espírita","Filmes/Séries na internet;Literatura;Museus;Música;Viagens","Cartaz de divulgação","Porque já trabalho na área","Obter novos conhecimentos","Ingressar na carreira acadêmica","Não","Sim, em uma ETEC","Sim e concluí","Moto","Realização profissional!"
"2020/09/12 11:57:41 AM GMT-3","Análise e Desenvolvimento de Sistemas (ADS)","Matutino","2011002","São Paulo (SP)","Franca","Pardo","Masculino","2002-10-30","Solteiro(a)","Não","","Nenhum","Com pais e(ou) parentes","5 ou mais","Própria","Entre 1-5 anos","Entre 2 e 4 salários mínimos","3","0","0","3","0","1","1","2","5+","2","1","Sim","Sim","Sim","Não","Não","Não tenho, uso o SUS","Sim","Sim","Sou registrado em indústria (calçados/confecções/outras)","Trabalho fora da área do curso","Tarde","Jussara","Ensino Médio","Ensino Médio","Sempre em escola pública","Sempre (Mais de 6 horas por dia)","Sim","Sim","Não","Sim","Sim","Sim","Sim","Sim","Não","Sim","Intermediário","Intermediário","Básico","Intermediário","Avançado","Intermediário","Básico","Leio mas não escrevo nem falo","Praticamente nulo","Não possuo","Pouco","Sempre","Nunca","Às vezes","Às vezes","Muito","Às vezes","Raramente","Notícias sociais;Notícias locais","De 3 até 6","Ficção","Não","","Nenhuma","Cinema;Filmes/Séries na internet;Literatura;Museus;Música;Teatro;TV","Indicação de familiar/amigo","Este curso forma profissionais facilmente absorvidos pelo mercado","Obter novos conhecimentos","Conquistar vaga em empresa privada","Não","Não fiz","Não","Carro;Ônibus",""
"2020/09/12 12:19:40 PM GMT-3","Análise e Desenvolvimento de Sistemas (ADS)","Matutino","1921017","São Paulo (SP)","Franca","Pardo","Masculino","2000-05-11","Solteiro(a)","Não","","Nenhum","Com pais e(ou) parentes","4","Outro","Entre 1-5 anos","Entre 4 e 10 salários mínimos","2","0","0","2","1","1","1","1","5+","0","3","Sim","Sim","Não","Não","Não","Tenho e é pago parcialmente pela empresa","Sim","Não","","","","","Pós-graduação","Ensino Médio","Sempre em escola pública","Sempre (Mais de 6 horas por dia)","Sim","Sim","Sim","Sim","Sim","Sim","Sim","Não","Sim","Sim","Intermediário","Avançado","Básico","Intermediário","Intermediário","Básico","Intermediário","Leio, escrevo e falo bem","Leio, escrevo e falo razoavelmente","Não possuo","Nunca","Sempre","Nunca","Pouco","Nunca","Pouco","Pouco","Raramente","Notícias locais;Notícias nacionais;Notícias internacionais;Notícias policiais","De 3 até 6","Aventura","Sim","atualmente não, pelo período que estamos vivendo, mas eu ajudava em casas de adoção e tratamento de animais e no centro espírita de restinga, onde tinha ensinos e atividades variadas, para crianças e adolescentes necessitados, além de fornecê-los comida e roupas toda semana.","Nenhuma","Cinema;Filmes/Séries na internet;Literatura;Museus;Música;Teatro;TV;Viagens","Indicação de familiar/amigo","Outros motivos","Obter novos conhecimentos","Prestar concurso público","Não","Sim, em outra instituição","Sim, mas não concluí","Caminhando;Carona;Bicicleta","Tenho expectativa para me formar, depois fazer mestrado, quem sabe até doutorado, e sair do país depois de já ter uma grana."
"2020/09/12 1:40:31 PM GMT-3","Análise e Desenvolvimento de Sistemas (ADS)","Matutino","2011049","São Paulo (SP)","Franca","Branco(a)","Feminino","2001-05-30","Solteiro(a)","Não","","Nenhum","Com pais e(ou) parentes","2","Alugada","Entre 1-5 anos","Até 2 salários mínimos","1","0","1","0","1","1","1","1","2","1","0","Não","Sim","Não","Não","Não","Não tenho, uso o SUS","Sim","Sim","Sou registrado no comércio","Trabalho fora da área do curso","Tarde e noite","Magazine Luiza","Ensino Médio","Ensino fundamental II (6º ao 9º ano)","Sempre em escola pública","Muito (Até 6 horas por dia)","Sim","Sim","Sim","Não","Sim","Sim","Sim","Sim","Não","Sim","Intermediário","Intermediário","Nenhum","Intermediário","Intermediário","Intermediário","Nenhum","Leio, escrevo e falo razoavelmente","Praticamente nulo","Não possuo","Sempre","Sempre","Nunca","Nunca","Às vezes","Muito","Às vezes","Não leio","Não leio jormal","De 3 até 6","Ficção","Não","","Católica","Cinema;Filmes/Séries na internet;Música;TV","Cartaz de divulgação","Este curso forma profissionais facilmente absorvidos pelo mercado","Obter competências para exercício de uma profissão","Melhorar cargo e salário na empresa que trabalho","Não","Não fiz","Não","Caminhando;Moto",""
"2020/09/12 1:42:16 PM GMT-3","Análise e Desenvolvimento de Sistemas (ADS)","Noturno","2013032","São Paulo (SP)","Franca","Branco(a)","Masculino","1994-07-07","Solteiro(a)","Não","","Nenhum","Com pais e(ou) parentes","4","Própria","Mais de 10 anos","Entre 2 e 4 salários mínimos","3","0","1","2","0","1","1","1","3","1","1","Não","Sim","Sim","Não","Não","Não tenho, uso o SUS","Sim","Sim","Sou registrado em empresa prestadora de serviços","Trabalho na área do curso","Manhã e tarde (Horário comercial)","SMN","Ensino Superior","Ensino Médio","A maior parte em escola particular com bolsa","Sempre (Mais de 6 horas por dia)","Sim","Sim","Sim","Sim","Sim","Sim","Sim","Sim","Sim","Sim","Intermediário","Avançado","Básico","Intermediário","Intermediário","Intermediário","Intermediário","Leio, escrevo e falo bem","Leio mas não escrevo nem falo","Não possuo","Nunca","Sempre","Nunca","Nunca","Nunca","Às vezes","Pouco","Raramente","Notícias locais;Notícias nacionais;Notícias internacionais;Notícias policiais","Até 2","Ficção","Não","","Nenhuma","Cinema;Filmes/Séries na internet;Música;TV","Indicação de familiar/amigo","É um curso bem conceituado na região","Obter um diploma de nível superior","Melhorar cargo e salário na empresa que trabalho","Não","Não fiz","Sim, mas não concluí","Carro",""
"2020/09/12 2:27:25 PM GMT-3","Análise e Desenvolvimento de Sistemas (ADS)","Matutino","2011035","São Paulo (SP)","Franca","Branco(a)","Masculino","1998-08-23","Solteiro(a)","Não","","Nenhum","Com pais e(ou) parentes","3","Própria","Mais de 10 anos","Entre 2 e 4 salários mínimos","2","1","1","1","0","0","1","1","5+","2","1","Não","Sim","Sim","Sim","Não","Tenho e é pago parcialmente pela empresa","Sim","Não","","","","","Ensino Superior","Ensino Médio","A maior parte em escola pública","Sempre (Mais de 6 horas por dia)","Sim","Não","Sim","Sim","Sim","Sim","Sim","Sim","Não","Sim","Avançado","Avançado","Básico","Intermediário","Intermediário","Básico","Nenhum","Leio e escrevo mas não falo","Leio mas não escrevo nem falo","Não possuo","Pouco","Sempre","Nunca","Nunca","Nunca","Sempre","Às vezes","Não leio","Não leio jormal","Nenhum","Não leio","Não","","Nenhuma","Cinema;Filmes/Séries na internet;Música;Viagens","Indicação de familiar/amigo","Minha vocação é seguir esta carreira","Obter novos conhecimentos","Prestar concurso público","Sim","Sim, em uma ETEC","Sim, mas não concluí","Carro",""
"2020/09/12 2:28:05 PM GMT-3","Análise e Desenvolvimento de Sistemas (ADS)","Matutino","2013039","São Paulo (SP)","Franca","Branco(a)","Masculino","1999-11-07","Solteiro(a)","Não","","Nenhum","Com pais e(ou) parentes","2","Própria","Entre 1-5 anos","Até 2 salários mínimos","3","0","0","1","1","1","1","1","2","1","1","Sim","Sim","Não","Não","Não","Não tenho, uso o SUS","Sim","Sim","Sou registrado em empresa prestadora de serviços","Trabalho fora da área do curso","Manhã e tarde (Horário comercial)","Poupa tempo","Ensino Médio","Ensino Médio","Sempre em escola pública","Muito (Até 6 horas por dia)","Sim","Sim","Sim","Não","Não","Sim","Sim","Sim","Não","Sim","Básico","Básico","Básico","Intermediário","Intermediário","Básico","Básico","Leio, escrevo e falo razoavelmente","Leio, escrevo e falo razoavelmente","Não possuo","Nunca","Sempre","Nunca","Pouco","Nunca","Nunca","Às vezes","Não leio","Não leio jormal","Nenhum","Não leio","Não","","Católica","Cinema;Filmes/Séries na internet;Música;TV","Indicação de familiar/amigo","Minha vocação é seguir esta carreira","Obter competências para exercício de uma profissão","Outra expectativa","Não","Não fiz","Não","Moto",""
"2020/09/13 2:55:10 AM GMT-3","Análise e Desenvolvimento de Sistemas (ADS)","Matutino","2011009","São Paulo (SP)","Franca","Branco(a)","Não-binário","2001-04-28","Solteiro(a)","Não","","Nenhum","Com pais e(ou) parentes","5 ou mais","Alugada","Menos de 1 ano","Até 2 salários mínimos","1","0","0","0","0","1","0","1","5+","0","2","Não","Sim","Não","Não","Não","Não tenho, uso o SUS","Sim","Sim","Sou autônomo e/ou freelancer","Trabalho fora da área do curso","Regime de turnos","Diamantino's","Ensino Superior","Ensino Médio","Sempre em escola pública","Muito (Até 6 horas por dia)","Sim","Sim","Sim","Sim","Sim","Sim","Sim","Sim","Sim","Sim","Intermediário","Intermediário","Básico","Intermediário","Avançado","Intermediário","Básico","Leio, escrevo e falo razoavelmente","Leio e escrevo mas não falo","Não possuo;Francês;Outro","Nunca","Muito","Às vezes","Às vezes","Pouco","Pouco","Pouco","Algumas vezes por semana","Todos os assuntos;Notícias sociais;Notícias locais;Notícias nacionais;Notícias internacionais;Lazer, arte e cultura;Notícias policiais;Classificados;Moda","Mais de 10","Autoajuda","Sim","","Outra","Cinema;Exposições de arte;Filmes/Séries na internet;Literatura;Museus;Música;Teatro;TV;Viagens","Indicação de familiar/amigo","Sugestão ou vontade familiar","Outra expectativa","Ingressar na carreira acadêmica","Não","Não fiz","Não","Caminhando;Carona;Carro;Ônibus","Órfão por escolha (e não foi minha). Uma criança reprimida por viver no multiverso das infinitas possibilidades, que desde cedo soube o que queria. Por caso do acaso, cursando o mesmo curso que meu pai, entre outros familiares. Clichê, blasé e hiperbólico. Faço programa, digo, sou programador! Desenvolvedor de produtos digitais, mídias sociais e projetos virtuais. Estudante de tecnologia, marketing digital e ux design. Extremamente desinteressado em animosidades. Amante da geração artística que está por vir, é libertador! Em razão da natureza linguística, apreciadores do Latim, Italiano, Francês, Inglês, Mandarim e LIBRAS. Entusiasmado, seja na área da saúde ou sobre o estado da arte de um componente eletrônico. Meu sonho de vida era me casar, mas isso é consequência (até cachorro de rua forma família), depois que ingressei na vida acadêmica, percebi que posso materializar minhas hipóteses e teorias, mas posso contar isso em outra hora... Temos infinitas possibilidades de criação! Por agora, diga-me: Enigma, como pode melhorar? "
"2020/09/13 11:09:21 AM GMT-3","Análise e Desenvolvimento de Sistemas (ADS)","Matutino","2011048","São Paulo (SP)","Franca","Pardo","Masculino","2002-12-18","Solteiro(a)","Não","","Nenhum","Com pais e(ou) parentes","4","Alugada","Mais de 10 anos","Entre 2 e 4 salários mínimos","2","0","1","2","0","1","1","1","4","0","1","Não","Sim","Sim","Sim","Não","Tenho e é um plano familiar","Sim","Sim","Sou autônomo e/ou freelancer","Trabalho fora da área do curso","Tarde","Automatiza Portões ","Ensino Médio","Ensino Médio","Sempre em escola pública","Às vezes (Até 3 horas por dia)","Sim","Sim","Não","Não","Sim","Sim","Não","Sim","Sim","Sim","Intermediário","Intermediário","Nenhum","Intermediário","Intermediário","Nenhum","Básico","Leio, escrevo e falo razoavelmente","Praticamente nulo","Não possuo","Às vezes","Sempre","Nunca","Pouco","Pouco","Sempre","Muito","Raramente","Notícias locais;Esporte","Nenhum","Outros","Não","","Católica","Cinema;Filmes/Séries na internet;TV;Viagens","Propaganda na escola que estudava","Este curso forma profissionais facilmente absorvidos pelo mercado","Obter novos conhecimentos","Conquistar vaga em empresa privada","Não","Não fiz","Não","Carro",""